CountFIPS,DataCategory,DataType,HUC,Organization,OrganizationIdentifier,ReportIdentifier,ReportUnitIdentifier,ReportUnitName,State,WaDEURLAddress
-999 ,SUMMARY,USE,-999,,CA-DWR,2010,DAU06435,DAU06435,49,http://wade.sdsc.edu
-999 ,SUMMARY,USE,-999,,CA-DWR,2010,DAU33633,DAU33633,49,http://wade.sdsc.edu
-999 ,SUMMARY,USE,-999,,CA-DWR,2010,DAU34633,DAU34633,49,http://wade.sdsc.edu
-999 ,SUMMARY,SUPPLY,-999,,CA-DWR,2010,DAU19402,DAU19402,49,http://wade.sdsc.edu
-999 ,SUMMARY,SUPPLY,-999,,CA-DWR,2010,DAU04701,DAU04701,49,http://wade.sdsc.edu
-999 ,SUMMARY,SUPPLY,-999,,CA-DWR,2010,DAU11033,DAU11033,49,http://wade.sdsc.edu
-999 ,SUMMARY,SUPPLY,-999,,CA-DWR,2010,DAU32036,DAU32036,49,http://wade.sdsc.edu
-999 ,SUMMARY,SUPPLY,-999,,CA-DWR,2010,DAU02712,DAU02712,49,http://wade.sdsc.edu
-999 ,SUMMARY,SUPPLY,-999,,CA-DWR,2010,DAU19239,DAU19239,49,http://wade.sdsc.edu
-999 ,SUMMARY,USE,-999,,CA-DWR,2010,DAU15629,DAU15629,49,http://wade.sdsc.edu
-999 ,SUMMARY,USE,-999,,CA-DWR,2010,DAU29236,DAU29236,49,http://wade.sdsc.edu
,SUMMARY,USE,,,CA-DWR,2010,506,Colusa Basin,49,http://wade.sdsc.edu
-999 ,SUMMARY,SUPPLY,-999,,CA-DWR,2010,DAU18105,DAU18105,49,http://wade.sdsc.edu
-999 ,SUMMARY,SUPPLY,-999,,CA-DWR,2010,DAU20020,DAU20020,49,http://wade.sdsc.edu
-999 ,SUMMARY,SUPPLY,-999,,CA-DWR,2010,DAU27714,DAU27714,49,http://wade.sdsc.edu
-999 ,SUMMARY,USE,-999,,CA-DWR,2010,DAU33236,DAU33236,49,http://wade.sdsc.edu
-999 ,SUMMARY,USE,-999,,CA-DWR,2010,DAU25316,DAU25316,49,http://wade.sdsc.edu
-999 ,SUMMARY,USE,-999,,CA-DWR,2010,DAU19722,DAU19722,49,http://wade.sdsc.edu
-999 ,SUMMARY,USE,-999,,CA-DWR,2010,DAU23816,DAU23816,49,http://wade.sdsc.edu
-999 ,SUMMARY,SUPPLY,-999,,CA-DWR,2010,DAU03849,DAU03849,49,http://wade.sdsc.edu
-999 ,SUMMARY,SUPPLY,-999,,CA-DWR,2010,DAU07656,DAU07656,49,http://wade.sdsc.edu
,SUMMARY,USE,,,CA-DWR,2010,604,Sierra Foothills,49,http://wade.sdsc.edu
-999 ,SUMMARY,SUPPLY,-999,,CA-DWR,2010,DAU26618,DAU26618,49,http://wade.sdsc.edu
-999 ,SUMMARY,USE,-999,,CA-DWR,2010,DAU28414,DAU28414,49,http://wade.sdsc.edu
-999 ,SUMMARY,USE,-999,,CA-DWR,2010,DAU05927,DAU05927,49,http://wade.sdsc.edu
-999 ,SUMMARY,USE,-999,,CA-DWR,2010,DAU17517,DAU17517,49,http://wade.sdsc.edu
-999 ,SUMMARY,SUPPLY,-999,,CA-DWR,2010,DAU17457,DAU17457,49,http://wade.sdsc.edu
-999 ,SUMMARY,USE,-999,,CA-DWR,2010,DAU05227,DAU05227,49,http://wade.sdsc.edu
-999 ,SUMMARY,USE,-999,,CA-DWR,2010,DAU00147,DAU00147,49,http://wade.sdsc.edu
-999 ,SUMMARY,USE,-999,,CA-DWR,2010,DAU19822,DAU19822,49,http://wade.sdsc.edu
,SUMMARY,USE,,,CA-DWR,2010,701,Western Uplands,49,http://wade.sdsc.edu
-999 ,SUMMARY,SUPPLY,-999,,CA-DWR,2010,DAU24716,DAU24716,49,http://wade.sdsc.edu
-999 ,SUMMARY,SUPPLY,-999,,CA-DWR,2010,DAU07240,DAU07240,49,http://wade.sdsc.edu
-999 ,SUMMARY,SUPPLY,-999,,CA-DWR,2010,DAU33833,DAU33833,49,http://wade.sdsc.edu
-999 ,SUMMARY,USE,-999,,CA-DWR,2010,DAU34713,DAU34713,49,http://wade.sdsc.edu
-999 ,SUMMARY,SUPPLY,-999,,CA-DWR,2010,DAU24010,DAU24010,49,http://wade.sdsc.edu
-999 ,SUMMARY,SUPPLY,-999,,CA-DWR,2010,DAU11430,DAU11430,49,http://wade.sdsc.edu
-999 ,SUMMARY,USE,-999,,CA-DWR,2010,DAU01949,DAU01949,49,http://wade.sdsc.edu
-999 ,SUMMARY,USE,-999,,CA-DWR,2010,DAU13425,DAU13425,49,http://wade.sdsc.edu
-999 ,SUMMARY,USE,-999,,CA-DWR,2010,DAU02323,DAU02323,49,http://wade.sdsc.edu
-999 ,SUMMARY,SUPPLY,-999,,CA-DWR,2010,DAU04128,DAU04128,49,http://wade.sdsc.edu
-999 ,SUMMARY,USE,-999,,CA-DWR,2010,DAU03821,DAU03821,49,http://wade.sdsc.edu
-999 ,SUMMARY,USE,-999,,CA-DWR,2010,DAU29836,DAU29836,49,http://wade.sdsc.edu
-999 ,SUMMARY,SUPPLY,-999,,CA-DWR,2010,DAU22654,DAU22654,49,http://wade.sdsc.edu
-999 ,SUMMARY,USE,-999,,CA-DWR,2010,DAU26218,DAU26218,49,http://wade.sdsc.edu
-999 ,SUMMARY,USE,-999,,CA-DWR,2010,DAU33336,DAU33336,49,http://wade.sdsc.edu
-999 ,SUMMARY,USE,-999,,CA-DWR,2010,DAU14552,DAU14552,49,http://wade.sdsc.edu
-999 ,SUMMARY,SUPPLY,-999,,CA-DWR,2010,DAU04707,DAU04707,49,http://wade.sdsc.edu
-999 ,SUMMARY,SUPPLY,-999,,CA-DWR,2010,DAU15631,DAU15631,49,http://wade.sdsc.edu
-999 ,SUMMARY,SUPPLY,-999,,CA-DWR,2010,DAU29036,DAU29036,49,http://wade.sdsc.edu
-999 ,SUMMARY,SUPPLY,-999,,CA-DWR,2010,DAU23310,DAU23310,49,http://wade.sdsc.edu
-999 ,SUMMARY,SUPPLY,-999,,CA-DWR,2010,DAU23115,DAU23115,49,http://wade.sdsc.edu
-999 ,SUMMARY,USE,-999,,CA-DWR,2010,DAU19555,DAU19555,49,http://wade.sdsc.edu
-999 ,SUMMARY,SUPPLY,-999,,CA-DWR,2010,DAU15809,DAU15809,49,http://wade.sdsc.edu
-999 ,SUMMARY,SUPPLY,-999,,CA-DWR,2010,DAU31336,DAU31336,49,http://wade.sdsc.edu
-999 ,SUMMARY,SUPPLY,-999,,CA-DWR,2010,DAU09619,DAU09619,49,http://wade.sdsc.edu
-999 ,SUMMARY,SUPPLY,-999,,CA-DWR,2010,DAU18450,DAU18450,49,http://wade.sdsc.edu
-999 ,SUMMARY,SUPPLY,-999,,CA-DWR,2010,DAU35237,DAU35237,49,http://wade.sdsc.edu
-999 ,SUMMARY,SUPPLY,-999,,CA-DWR,2010,DAU29814,DAU29814,49,http://wade.sdsc.edu
-999 ,SUMMARY,SUPPLY,-999,,CA-DWR,2010,DAU23710,DAU23710,49,http://wade.sdsc.edu
-999 ,SUMMARY,SUPPLY,-999,,CA-DWR,2010,DAU30036,DAU30036,49,http://wade.sdsc.edu
-999 ,SUMMARY,SUPPLY,-999,,CA-DWR,2010,DAU16357,DAU16357,49,http://wade.sdsc.edu
-999 ,SUMMARY,SUPPLY,-999,,CA-DWR,2010,DAU31236,DAU31236,49,http://wade.sdsc.edu
-999 ,SUMMARY,SUPPLY,-999,,CA-DWR,2010,DAU16704,DAU16704,49,http://wade.sdsc.edu
-999 ,SUMMARY,SUPPLY,-999,,CA-DWR,2010,DAU06235,DAU06235,49,http://wade.sdsc.edu
-999 ,SUMMARY,USE,-999,,CA-DWR,2010,DAU29136,DAU29136,49,http://wade.sdsc.edu
-999 ,SUMMARY,SUPPLY,-999,,CA-DWR,2010,DAU02517,DAU02517,49,http://wade.sdsc.edu
-999 ,SUMMARY,SUPPLY,-999,,CA-DWR,2010,DAU05427,DAU05427,49,http://wade.sdsc.edu
-999 ,SUMMARY,USE,-999,,CA-DWR,2010,DAU04543,DAU04543,49,http://wade.sdsc.edu
-999 ,SUMMARY,SUPPLY,-999,,CA-DWR,2010,DAU33233,DAU33233,49,http://wade.sdsc.edu
,SUMMARY,USE,,,CA-DWR,2010,1,North Coast,49,http://wade.sdsc.edu
,SUMMARY,USE,,,CA-DWR,2010,901,Mono-Owens,49,http://wade.sdsc.edu
-999 ,SUMMARY,SUPPLY,-999,,CA-DWR,2010,DAU35613,DAU35613,49,http://wade.sdsc.edu
-999 ,SUMMARY,SUPPLY,-999,,CA-DWR,2010,DAU00712,DAU00712,49,http://wade.sdsc.edu
-999 ,SUMMARY,USE,-999,,CA-DWR,2010,DAU35033,DAU35033,49,http://wade.sdsc.edu
-999 ,SUMMARY,SUPPLY,-999,,CA-DWR,2010,DAU32436,DAU32436,49,http://wade.sdsc.edu
-999 ,SUMMARY,USE,-999,,CA-DWR,2010,DAU17609,DAU17609,49,http://wade.sdsc.edu
-999 ,SUMMARY,USE,-999,,CA-DWR,2010,DAU29636,DAU29636,49,http://wade.sdsc.edu
-999 ,SUMMARY,SUPPLY,-999,,CA-DWR,2010,DAU22754,DAU22754,49,http://wade.sdsc.edu
-999 ,SUMMARY,SUPPLY,-999,,CA-DWR,2010,DAU29536,DAU29536,49,http://wade.sdsc.edu
,SUMMARY,USE,,,CA-DWR,2010,609,Lower Valley East Side,49,http://wade.sdsc.edu
,SUMMARY,USE,,,CA-DWR,2010,902,Indian Wells,49,http://wade.sdsc.edu
-999 ,SUMMARY,SUPPLY,-999,,CA-DWR,2010,DAU15646,DAU15646,49,http://wade.sdsc.edu
,SUMMARY,USE,,,CA-DWR,2010,905,Mojave River,49,http://wade.sdsc.edu
-999 ,SUMMARY,SUPPLY,-999,,CA-DWR,2010,DAU03053,DAU03053,49,http://wade.sdsc.edu
-999 ,SUMMARY,USE,-999,,CA-DWR,2010,DAU18657,DAU18657,49,http://wade.sdsc.edu
-999 ,SUMMARY,SUPPLY,-999,,CA-DWR,2010,DAU02153,DAU02153,49,http://wade.sdsc.edu
-999 ,SUMMARY,USE,-999,,CA-DWR,2010,DAU09633,DAU09633,49,http://wade.sdsc.edu
-999 ,SUMMARY,SUPPLY,-999,,CA-DWR,2010,DAU02511,DAU02511,49,http://wade.sdsc.edu
-999 ,SUMMARY,SUPPLY,-999,,CA-DWR,2010,DAU13225,DAU13225,49,http://wade.sdsc.edu
-999 ,SUMMARY,SUPPLY,-999,,CA-DWR,2010,DAU06840,DAU06840,49,http://wade.sdsc.edu
-999 ,SUMMARY,SUPPLY,-999,,CA-DWR,2010,DAU13025,DAU13025,49,http://wade.sdsc.edu
-999 ,SUMMARY,SUPPLY,-999,,CA-DWR,2010,DAU29436,DAU29436,49,http://wade.sdsc.edu
-999 ,SUMMARY,SUPPLY,-999,,CA-DWR,2010,DAU14145,DAU14145,49,http://wade.sdsc.edu
-999 ,SUMMARY,SUPPLY,-999,,CA-DWR,2010,DAU17158,DAU17158,49,http://wade.sdsc.edu
-999 ,SUMMARY,USE,-999,,CA-DWR,2010,DAU21639,DAU21639,49,http://wade.sdsc.edu
-999 ,SUMMARY,USE,-999,,CA-DWR,2010,DAU00447,DAU00447,49,http://wade.sdsc.edu
-999 ,SUMMARY,USE,-999,,CA-DWR,2010,DAU14352,DAU14352,49,http://wade.sdsc.edu
-999 ,SUMMARY,USE,-999,,CA-DWR,2010,DAU17004,DAU17004,49,http://wade.sdsc.edu
-999 ,SUMMARY,USE,-999,,CA-DWR,2010,DAU22854,DAU22854,49,http://wade.sdsc.edu
-999 ,SUMMARY,SUPPLY,-999,,CA-DWR,2010,DAU02812,DAU02812,49,http://wade.sdsc.edu
-999 ,SUMMARY,SUPPLY,-999,,CA-DWR,2010,DAU13445,DAU13445,49,http://wade.sdsc.edu
-999 ,SUMMARY,SUPPLY,-999,,CA-DWR,2010,DAU35437,DAU35437,49,http://wade.sdsc.edu
-999 ,SUMMARY,USE,-999,,CA-DWR,2010,DAU26809,DAU26809,49,http://wade.sdsc.edu
-999 ,SUMMARY,USE,-999,,CA-DWR,2010,DAU17634,DAU17634,49,http://wade.sdsc.edu
-999 ,SUMMARY,USE,-999,,CA-DWR,2010,DAU40449,DAU40449,49,http://wade.sdsc.edu
-999 ,SUMMARY,USE,-999,,CA-DWR,2010,DAU28026,DAU28026,49,http://wade.sdsc.edu
-999 ,SUMMARY,USE,-999,,CA-DWR,2010,DAU30619,DAU30619,49,http://wade.sdsc.edu
-999 ,SUMMARY,USE,-999,,CA-DWR,2010,DAU22815,DAU22815,49,http://wade.sdsc.edu
-999 ,SUMMARY,USE,-999,,CA-DWR,2010,DAU09219,DAU09219,49,http://wade.sdsc.edu
-999 ,SUMMARY,USE,-999,,CA-DWR,2010,DAU17234,DAU17234,49,http://wade.sdsc.edu
-999 ,SUMMARY,USE,-999,,CA-DWR,2010,DAU07342,DAU07342,49,http://wade.sdsc.edu
-999 ,SUMMARY,USE,-999,,CA-DWR,2010,DAU20120,DAU20120,49,http://wade.sdsc.edu
-999 ,SUMMARY,SUPPLY,-999,,CA-DWR,2010,DAU19157,DAU19157,49,http://wade.sdsc.edu
-999 ,SUMMARY,SUPPLY,-999,,CA-DWR,2010,DAU27814,DAU27814,49,http://wade.sdsc.edu
-999 ,SUMMARY,SUPPLY,-999,,CA-DWR,2010,DAU11433,DAU11433,49,http://wade.sdsc.edu
-999 ,SUMMARY,SUPPLY,-999,,CA-DWR,2010,DAU31036,DAU31036,49,http://wade.sdsc.edu
-999 ,SUMMARY,SUPPLY,-999,,CA-DWR,2010,DAU40423,DAU40423,49,http://wade.sdsc.edu
-999 ,SUMMARY,USE,-999,,CA-DWR,2010,DAU04241,DAU04241,49,http://wade.sdsc.edu
-999 ,SUMMARY,SUPPLY,-999,,CA-DWR,2010,DAU35713,DAU35713,49,http://wade.sdsc.edu
-999 ,SUMMARY,SUPPLY,-999,,CA-DWR,2010,DAU15904,DAU15904,49,http://wade.sdsc.edu
-999 ,SUMMARY,USE,-999,,CA-DWR,2010,DAU18239,DAU18239,49,http://wade.sdsc.edu
,SUMMARY,USE,,,CA-DWR,2010,102,Lower Klamath,49,http://wade.sdsc.edu
-999 ,SUMMARY,SUPPLY,-999,,CA-DWR,2010,DAU13018,DAU13018,49,http://wade.sdsc.edu
-999 ,SUMMARY,USE,-999,,CA-DWR,2010,DAU08919,DAU08919,49,http://wade.sdsc.edu
-999 ,SUMMARY,USE,-999,,CA-DWR,2010,DAU27726,DAU27726,49,http://wade.sdsc.edu
-999 ,SUMMARY,USE,-999,,CA-DWR,2010,DAU30515,DAU30515,49,http://wade.sdsc.edu
-999 ,SUMMARY,SUPPLY,-999,,CA-DWR,2010,DAU23916,DAU23916,49,http://wade.sdsc.edu
-999 ,SUMMARY,USE,-999,,CA-DWR,2010,DAU00347,DAU00347,49,http://wade.sdsc.edu
-999 ,SUMMARY,USE,-999,,CA-DWR,2010,DAU14152,DAU14152,49,http://wade.sdsc.edu
-999 ,SUMMARY,USE,-999,,CA-DWR,2010,DAU05935,DAU05935,49,http://wade.sdsc.edu
-999 ,SUMMARY,SUPPLY,-999,,CA-DWR,2010,DAU01408,DAU01408,49,http://wade.sdsc.edu
-999 ,SUMMARY,SUPPLY,-999,,CA-DWR,2010,DAU25415,DAU25415,49,http://wade.sdsc.edu
-999 ,SUMMARY,USE,-999,,CA-DWR,2010,DAU26546,DAU26546,49,http://wade.sdsc.edu
-999 ,SUMMARY,USE,-999,,CA-DWR,2010,DAU26115,DAU26115,49,http://wade.sdsc.edu
-999 ,SUMMARY,USE,-999,,CA-DWR,2010,DAU35233,DAU35233,49,http://wade.sdsc.edu
-999 ,SUMMARY,SUPPLY,-999,,CA-DWR,2010,DAU34913,DAU34913,49,http://wade.sdsc.edu
-999 ,SUMMARY,USE,-999,,CA-DWR,2010,DAU16604,DAU16604,49,http://wade.sdsc.edu
-999 ,SUMMARY,USE,-999,,CA-DWR,2010,DAU19920,DAU19920,49,http://wade.sdsc.edu
-999 ,SUMMARY,USE,-999,,CA-DWR,2010,DAU32633,DAU32633,49,http://wade.sdsc.edu
-999 ,SUMMARY,USE,-999,,CA-DWR,2010,DAU24616,DAU24616,49,http://wade.sdsc.edu
-999 ,SUMMARY,SUPPLY,-999,,CA-DWR,2010,DAU30315,DAU30315,49,http://wade.sdsc.edu
-999 ,SUMMARY,SUPPLY,-999,,CA-DWR,2010,DAU15404,DAU15404,49,http://wade.sdsc.edu
-999 ,SUMMARY,SUPPLY,-999,,CA-DWR,2010,DAU22024,DAU22024,49,http://wade.sdsc.edu
-999 ,SUMMARY,USE,-999,,CA-DWR,2010,DAU22954,DAU22954,49,http://wade.sdsc.edu
-999 ,SUMMARY,SUPPLY,-999,,CA-DWR,2010,DAU17548,DAU17548,49,http://wade.sdsc.edu
-999 ,SUMMARY,SUPPLY,-999,,CA-DWR,2010,DAU28636,DAU28636,49,http://wade.sdsc.edu
-999 ,SUMMARY,USE,-999,,CA-DWR,2010,DAU20950,DAU20950,49,http://wade.sdsc.edu
-999 ,SUMMARY,USE,-999,,CA-DWR,2010,DAU09830,DAU09830,49,http://wade.sdsc.edu
-999 ,SUMMARY,USE,-999,,CA-DWR,2010,DAU31736,DAU31736,49,http://wade.sdsc.edu
-999 ,SUMMARY,USE,-999,,CA-DWR,2010,DAU24715,DAU24715,49,http://wade.sdsc.edu
-999 ,SUMMARY,USE,-999,,CA-DWR,2010,DAU22310,DAU22310,49,http://wade.sdsc.edu
-999 ,SUMMARY,SUPPLY,-999,,CA-DWR,2010,DAU21420,DAU21420,49,http://wade.sdsc.edu
-999 ,SUMMARY,SUPPLY,-999,,CA-DWR,2010,DAU19455,DAU19455,49,http://wade.sdsc.edu
-999 ,SUMMARY,SUPPLY,-999,,CA-DWR,2010,DAU29014,DAU29014,49,http://wade.sdsc.edu
-999 ,SUMMARY,USE,-999,,CA-DWR,2010,DAU35113,DAU35113,49,http://wade.sdsc.edu
-999 ,SUMMARY,USE,-999,,CA-DWR,2010,DAU25754,DAU25754,49,http://wade.sdsc.edu
-999 ,SUMMARY,SUPPLY,-999,,CA-DWR,2010,DAU25815,DAU25815,49,http://wade.sdsc.edu
-999 ,SUMMARY,SUPPLY,-999,,CA-DWR,2010,DAU25340,DAU25340,49,http://wade.sdsc.edu
,SUMMARY,USE,,,CA-DWR,2010,1006,Imperial Valley,49,http://wade.sdsc.edu
-999 ,SUMMARY,USE,-999,,CA-DWR,2010,DAU30719,DAU30719,49,http://wade.sdsc.edu
-999 ,SUMMARY,USE,-999,,CA-DWR,2010,DAU01823,DAU01823,49,http://wade.sdsc.edu
-999 ,SUMMARY,USE,-999,,CA-DWR,2010,DAU21824,DAU21824,49,http://wade.sdsc.edu
-999 ,SUMMARY,SUPPLY,-999,,CA-DWR,2010,DAU04048,DAU04048,49,http://wade.sdsc.edu
-999 ,SUMMARY,USE,-999,,CA-DWR,2010,DAU15803,DAU15803,49,http://wade.sdsc.edu
-999 ,SUMMARY,SUPPLY,-999,,CA-DWR,2010,DAU19624,DAU19624,49,http://wade.sdsc.edu
-999 ,SUMMARY,USE,-999,,CA-DWR,2010,DAU19922,DAU19922,49,http://wade.sdsc.edu
,SUMMARY,USE,,,CA-DWR,2010,401,Santa Clara,49,http://wade.sdsc.edu
-999 ,SUMMARY,SUPPLY,-999,,CA-DWR,2010,DAU26418,DAU26418,49,http://wade.sdsc.edu
-999 ,SUMMARY,SUPPLY,-999,,CA-DWR,2010,DAU23015,DAU23015,49,http://wade.sdsc.edu
-999 ,SUMMARY,USE,-999,,CA-DWR,2010,DAU24254,DAU24254,49,http://wade.sdsc.edu
-999 ,SUMMARY,USE,-999,,CA-DWR,2010,DAU07142,DAU07142,49,http://wade.sdsc.edu
-999 ,SUMMARY,SUPPLY,-999,,CA-DWR,2010,DAU02112,DAU02112,49,http://wade.sdsc.edu
-999 ,SUMMARY,SUPPLY,-999,,CA-DWR,2010,DAU19850,DAU19850,49,http://wade.sdsc.edu
-999 ,SUMMARY,SUPPLY,-999,,CA-DWR,2010,DAU21124,DAU21124,49,http://wade.sdsc.edu
-999 ,SUMMARY,USE,-999,,CA-DWR,2010,DAU19148,DAU19148,49,http://wade.sdsc.edu
-999 ,SUMMARY,USE,-999,,CA-DWR,2010,DAU29936,DAU29936,49,http://wade.sdsc.edu
-999 ,SUMMARY,SUPPLY,-999,,CA-DWR,2010,DAU06135,DAU06135,49,http://wade.sdsc.edu
-999 ,SUMMARY,USE,-999,,CA-DWR,2010,DAU28214,DAU28214,49,http://wade.sdsc.edu
-999 ,SUMMARY,SUPPLY,-999,,CA-DWR,2010,DAU20824,DAU20824,49,http://wade.sdsc.edu
-999 ,SUMMARY,SUPPLY,-999,,CA-DWR,2010,DAU28914,DAU28914,49,http://wade.sdsc.edu
-999 ,SUMMARY,USE,-999,,CA-DWR,2010,DAU21650,DAU21650,49,http://wade.sdsc.edu
-999 ,SUMMARY,SUPPLY,-999,,CA-DWR,2010,DAU16851,DAU16851,49,http://wade.sdsc.edu
-999 ,SUMMARY,SUPPLY,-999,,CA-DWR,2010,DAU19207,DAU19207,49,http://wade.sdsc.edu
-999 ,SUMMARY,SUPPLY,-999,,CA-DWR,2010,DAU24710,DAU24710,49,http://wade.sdsc.edu
-999 ,SUMMARY,USE,-999,,CA-DWR,2010,DAU18634,DAU18634,49,http://wade.sdsc.edu
-999 ,SUMMARY,USE,-999,,CA-DWR,2010,DAU08156,DAU08156,49,http://wade.sdsc.edu
-999 ,SUMMARY,SUPPLY,-999,,CA-DWR,2010,DAU14704,DAU14704,49,http://wade.sdsc.edu
-999 ,SUMMARY,USE,-999,,CA-DWR,2010,DAU02553,DAU02553,49,http://wade.sdsc.edu
-999 ,SUMMARY,USE,-999,,CA-DWR,2010,DAU16706,DAU16706,49,http://wade.sdsc.edu
,SUMMARY,USE,,,CA-DWR,2010,3,Central Coast,49,http://wade.sdsc.edu
-999 ,SUMMARY,USE,-999,,CA-DWR,2010,DAU33433,DAU33433,49,http://wade.sdsc.edu
-999 ,SUMMARY,USE,-999,,CA-DWR,2010,DAU29336,DAU29336,49,http://wade.sdsc.edu
-999 ,SUMMARY,USE,-999,,CA-DWR,2010,DAU17406,DAU17406,49,http://wade.sdsc.edu
-999 ,SUMMARY,SUPPLY,-999,,CA-DWR,2010,DAU05944,DAU05944,49,http://wade.sdsc.edu
-999 ,SUMMARY,USE,-999,,CA-DWR,2010,DAU05027,DAU05027,49,http://wade.sdsc.edu
-999 ,SUMMARY,USE,-999,,CA-DWR,2010,DAU20639,DAU20639,49,http://wade.sdsc.edu
-999 ,SUMMARY,USE,-999,,CA-DWR,2010,DAU16058,DAU16058,49,http://wade.sdsc.edu
-999 ,SUMMARY,USE,-999,,CA-DWR,2010,DAU33133,DAU33133,49,http://wade.sdsc.edu
-999 ,SUMMARY,SUPPLY,-999,,CA-DWR,2010,DAU26802,DAU26802,49,http://wade.sdsc.edu
-999 ,SUMMARY,SUPPLY,-999,,CA-DWR,2010,DAU04507,DAU04507,49,http://wade.sdsc.edu
-999 ,SUMMARY,SUPPLY,-999,,CA-DWR,2010,DAU16257,DAU16257,49,http://wade.sdsc.edu
-999 ,SUMMARY,USE,-999,,CA-DWR,2010,DAU31836,DAU31836,49,http://wade.sdsc.edu
-999 ,SUMMARY,USE,-999,,CA-DWR,2010,DAU01723,DAU01723,49,http://wade.sdsc.edu
-999 ,SUMMARY,USE,-999,,CA-DWR,2010,DAU06740,DAU06740,49,http://wade.sdsc.edu
-999 ,SUMMARY,USE,-999,,CA-DWR,2010,DAU39221,DAU39221,49,http://wade.sdsc.edu
-999 ,SUMMARY,USE,-999,,CA-DWR,2010,DAU25515,DAU25515,49,http://wade.sdsc.edu
-999 ,SUMMARY,SUPPLY,-999,,CA-DWR,2010,DAU34837,DAU34837,49,http://wade.sdsc.edu
-999 ,SUMMARY,USE,-999,,CA-DWR,2010,DAU33413,DAU33413,49,http://wade.sdsc.edu
-999 ,SUMMARY,SUPPLY,-999,,CA-DWR,2010,DAU19720,DAU19720,49,http://wade.sdsc.edu
-999 ,SUMMARY,USE,-999,,CA-DWR,2010,DAU34533,DAU34533,49,http://wade.sdsc.edu
-999 ,SUMMARY,USE,-999,,CA-DWR,2010,DAU24910,DAU24910,49,http://wade.sdsc.edu
-999 ,SUMMARY,USE,-999,,CA-DWR,2010,DAU15418,DAU15418,49,http://wade.sdsc.edu
-999 ,SUMMARY,USE,-999,,CA-DWR,2010,DAU33036,DAU33036,49,http://wade.sdsc.edu
-999 ,SUMMARY,SUPPLY,-999,,CA-DWR,2010,DAU17417,DAU17417,49,http://wade.sdsc.edu
-999 ,SUMMARY,USE,-999,,CA-DWR,2010,DAU25115,DAU25115,49,http://wade.sdsc.edu
-999 ,SUMMARY,USE,-999,,CA-DWR,2010,DAU24116,DAU24116,49,http://wade.sdsc.edu
-999 ,SUMMARY,SUPPLY,-999,,CA-DWR,2010,DAU16406,DAU16406,49,http://wade.sdsc.edu
-999 ,SUMMARY,SUPPLY,-999,,CA-DWR,2010,DAU40323,DAU40323,49,http://wade.sdsc.edu
-999 ,SUMMARY,SUPPLY,-999,,CA-DWR,2010,DAU21520,DAU21520,49,http://wade.sdsc.edu
-999 ,SUMMARY,USE,-999,,CA-DWR,2010,DAU25315,DAU25315,49,http://wade.sdsc.edu
-999 ,SUMMARY,SUPPLY,-999,,CA-DWR,2010,DAU24054,DAU24054,49,http://wade.sdsc.edu
-999 ,SUMMARY,SUPPLY,-999,,CA-DWR,2010,DAU07542,DAU07542,49,http://wade.sdsc.edu
,SUMMARY,USE,,,CA-DWR,2010,610,East Side Uplands,49,http://wade.sdsc.edu
-999 ,SUMMARY,USE,-999,,CA-DWR,2010,DAU18501,DAU18501,49,http://wade.sdsc.edu
-999 ,SUMMARY,USE,-999,,CA-DWR,2010,DAU05435,DAU05435,49,http://wade.sdsc.edu
-999 ,SUMMARY,SUPPLY,-999,,CA-DWR,2010,DAU27526,DAU27526,49,http://wade.sdsc.edu
-999 ,SUMMARY,USE,-999,,CA-DWR,2010,DAU34833,DAU34833,49,http://wade.sdsc.edu
,SUMMARY,USE,,,CA-DWR,2010,9,South Lahontan,49,http://wade.sdsc.edu
-999 ,SUMMARY,USE,-999,,CA-DWR,2010,DAU21624,DAU21624,49,http://wade.sdsc.edu
-999 ,SUMMARY,SUPPLY,-999,,CA-DWR,2010,DAU13647,DAU13647,49,http://wade.sdsc.edu
-999 ,SUMMARY,SUPPLY,-999,,CA-DWR,2010,DAU26846,DAU26846,49,http://wade.sdsc.edu
-999 ,SUMMARY,SUPPLY,-999,,CA-DWR,2010,DAU04338,DAU04338,49,http://wade.sdsc.edu
-999 ,SUMMARY,USE,-999,,CA-DWR,2010,DAU19650,DAU19650,49,http://wade.sdsc.edu
-999 ,SUMMARY,SUPPLY,-999,,CA-DWR,2010,DAU25240,DAU25240,49,http://wade.sdsc.edu
-999 ,SUMMARY,SUPPLY,-999,,CA-DWR,2010,DAU17251,DAU17251,49,http://wade.sdsc.edu
-999 ,SUMMARY,USE,-999,,CA-DWR,2010,DAU26518,DAU26518,49,http://wade.sdsc.edu
-999 ,SUMMARY,SUPPLY,-999,,CA-DWR,2010,DAU02012,DAU02012,49,http://wade.sdsc.edu
-999 ,SUMMARY,SUPPLY,-999,,CA-DWR,2010,DAU27626,DAU27626,49,http://wade.sdsc.edu
-999 ,SUMMARY,SUPPLY,-999,,CA-DWR,2010,DAU23410,DAU23410,49,http://wade.sdsc.edu
-999 ,SUMMARY,USE,-999,,CA-DWR,2010,DAU20022,DAU20022,49,http://wade.sdsc.edu
-999 ,SUMMARY,USE,-999,,CA-DWR,2010,DAU30314,DAU30314,49,http://wade.sdsc.edu
-999 ,SUMMARY,SUPPLY,-999,,CA-DWR,2010,DAU17602,DAU17602,49,http://wade.sdsc.edu
,SUMMARY,USE,,,CA-DWR,2010,705,Alta - Orange Cove,49,http://wade.sdsc.edu
-999 ,SUMMARY,USE,-999,,CA-DWR,2010,DAU30636,DAU30636,49,http://wade.sdsc.edu
-999 ,SUMMARY,USE,-999,,CA-DWR,2010,DAU24216,DAU24216,49,http://wade.sdsc.edu
-999 ,SUMMARY,USE,-999,,CA-DWR,2010,DAU10036,DAU10036,49,http://wade.sdsc.edu
-999 ,SUMMARY,USE,-999,,CA-DWR,2010,DAU32536,DAU32536,49,http://wade.sdsc.edu
-999 ,SUMMARY,USE,-999,,CA-DWR,2010,DAU01012,DAU01012,49,http://wade.sdsc.edu
,SUMMARY,USE,,,CA-DWR,2010,903,Death Valley,49,http://wade.sdsc.edu
-999 ,SUMMARY,USE,-999,,CA-DWR,2010,DAU31536,DAU31536,49,http://wade.sdsc.edu
-999 ,SUMMARY,SUPPLY,-999,,CA-DWR,2010,DAU29915,DAU29915,49,http://wade.sdsc.edu
-999 ,SUMMARY,SUPPLY,-999,,CA-DWR,2010,DAU03721,DAU03721,49,http://wade.sdsc.edu
-999 ,SUMMARY,USE,-999,,CA-DWR,2010,DAU21739,DAU21739,49,http://wade.sdsc.edu
,SUMMARY,USE,,,CA-DWR,2010,507,Butte - Sutter - Yuba,49,http://wade.sdsc.edu
-999 ,SUMMARY,USE,-999,,CA-DWR,2010,DAU34136,DAU34136,49,http://wade.sdsc.edu
-999 ,SUMMARY,USE,-999,,CA-DWR,2010,DAU23910,DAU23910,49,http://wade.sdsc.edu
-999 ,SUMMARY,SUPPLY,-999,,CA-DWR,2010,DAU33433,DAU33433,49,http://wade.sdsc.edu
-999 ,SUMMARY,SUPPLY,-999,,CA-DWR,2010,DAU16706,DAU16706,49,http://wade.sdsc.edu
-999 ,SUMMARY,SUPPLY,-999,,CA-DWR,2010,DAU02553,DAU02553,49,http://wade.sdsc.edu
-999 ,SUMMARY,USE,-999,,CA-DWR,2010,DAU14704,DAU14704,49,http://wade.sdsc.edu
-999 ,SUMMARY,SUPPLY,-999,,CA-DWR,2010,DAU08156,DAU08156,49,http://wade.sdsc.edu
-999 ,SUMMARY,SUPPLY,-999,,CA-DWR,2010,DAU18634,DAU18634,49,http://wade.sdsc.edu
-999 ,SUMMARY,USE,-999,,CA-DWR,2010,DAU16851,DAU16851,49,http://wade.sdsc.edu
-999 ,SUMMARY,USE,-999,,CA-DWR,2010,DAU19207,DAU19207,49,http://wade.sdsc.edu
-999 ,SUMMARY,USE,-999,,CA-DWR,2010,DAU24710,DAU24710,49,http://wade.sdsc.edu
-999 ,SUMMARY,SUPPLY,-999,,CA-DWR,2010,DAU21650,DAU21650,49,http://wade.sdsc.edu
-999 ,SUMMARY,USE,-999,,CA-DWR,2010,DAU20824,DAU20824,49,http://wade.sdsc.edu
-999 ,SUMMARY,USE,-999,,CA-DWR,2010,DAU28914,DAU28914,49,http://wade.sdsc.edu
-999 ,SUMMARY,SUPPLY,-999,,CA-DWR,2010,DAU28214,DAU28214,49,http://wade.sdsc.edu
-999 ,SUMMARY,USE,-999,,CA-DWR,2010,DAU06135,DAU06135,49,http://wade.sdsc.edu
-999 ,SUMMARY,SUPPLY,-999,,CA-DWR,2010,DAU19148,DAU19148,49,http://wade.sdsc.edu
-999 ,SUMMARY,SUPPLY,-999,,CA-DWR,2010,DAU29936,DAU29936,49,http://wade.sdsc.edu
-999 ,SUMMARY,USE,-999,,CA-DWR,2010,DAU21124,DAU21124,49,http://wade.sdsc.edu
-999 ,SUMMARY,USE,-999,,CA-DWR,2010,DAU02112,DAU02112,49,http://wade.sdsc.edu
-999 ,SUMMARY,USE,-999,,CA-DWR,2010,DAU19850,DAU19850,49,http://wade.sdsc.edu
-999 ,SUMMARY,SUPPLY,-999,,CA-DWR,2010,DAU07142,DAU07142,49,http://wade.sdsc.edu
-999 ,SUMMARY,SUPPLY,-999,,CA-DWR,2010,DAU24254,DAU24254,49,http://wade.sdsc.edu
-999 ,SUMMARY,USE,-999,,CA-DWR,2010,DAU23015,DAU23015,49,http://wade.sdsc.edu
-999 ,SUMMARY,USE,-999,,CA-DWR,2010,DAU26418,DAU26418,49,http://wade.sdsc.edu
-999 ,SUMMARY,SUPPLY,-999,,CA-DWR,2010,DAU19922,DAU19922,49,http://wade.sdsc.edu
-999 ,SUMMARY,USE,-999,,CA-DWR,2010,DAU19624,DAU19624,49,http://wade.sdsc.edu
,SUMMARY,USE,,,CA-DWR,2010,1004,Colorado River,49,http://wade.sdsc.edu
-999 ,SUMMARY,SUPPLY,-999,,CA-DWR,2010,DAU15803,DAU15803,49,http://wade.sdsc.edu
-999 ,SUMMARY,USE,-999,,CA-DWR,2010,DAU04048,DAU04048,49,http://wade.sdsc.edu
-999 ,SUMMARY,SUPPLY,-999,,CA-DWR,2010,DAU21824,DAU21824,49,http://wade.sdsc.edu
-999 ,SUMMARY,SUPPLY,-999,,CA-DWR,2010,DAU01823,DAU01823,49,http://wade.sdsc.edu
,SUMMARY,USE,,,CA-DWR,2010,706,Kaweah Delta,49,http://wade.sdsc.edu
-999 ,SUMMARY,SUPPLY,-999,,CA-DWR,2010,DAU30719,DAU30719,49,http://wade.sdsc.edu
-999 ,SUMMARY,USE,-999,,CA-DWR,2010,DAU25340,DAU25340,49,http://wade.sdsc.edu
-999 ,SUMMARY,USE,-999,,CA-DWR,2010,DAU25815,DAU25815,49,http://wade.sdsc.edu
-999 ,SUMMARY,SUPPLY,-999,,CA-DWR,2010,DAU25754,DAU25754,49,http://wade.sdsc.edu
-999 ,SUMMARY,SUPPLY,-999,,CA-DWR,2010,DAU35113,DAU35113,49,http://wade.sdsc.edu
-999 ,SUMMARY,USE,-999,,CA-DWR,2010,DAU29014,DAU29014,49,http://wade.sdsc.edu
-999 ,SUMMARY,USE,-999,,CA-DWR,2010,DAU19455,DAU19455,49,http://wade.sdsc.edu
-999 ,SUMMARY,USE,-999,,CA-DWR,2010,DAU21420,DAU21420,49,http://wade.sdsc.edu
-999 ,SUMMARY,SUPPLY,-999,,CA-DWR,2010,DAU22310,DAU22310,49,http://wade.sdsc.edu
-999 ,SUMMARY,SUPPLY,-999,,CA-DWR,2010,DAU24715,DAU24715,49,http://wade.sdsc.edu
-999 ,SUMMARY,SUPPLY,-999,,CA-DWR,2010,DAU31736,DAU31736,49,http://wade.sdsc.edu
-999 ,SUMMARY,SUPPLY,-999,,CA-DWR,2010,DAU09830,DAU09830,49,http://wade.sdsc.edu
-999 ,SUMMARY,SUPPLY,-999,,CA-DWR,2010,DAU20950,DAU20950,49,http://wade.sdsc.edu
,SUMMARY,USE,,,CA-DWR,2010,504,Northeast Valley,49,http://wade.sdsc.edu
,SUMMARY,USE,,,CA-DWR,2010,509,Central Basin West,49,http://wade.sdsc.edu
-999 ,SUMMARY,USE,-999,,CA-DWR,2010,DAU17548,DAU17548,49,http://wade.sdsc.edu
-999 ,SUMMARY,USE,-999,,CA-DWR,2010,DAU28636,DAU28636,49,http://wade.sdsc.edu
-999 ,SUMMARY,SUPPLY,-999,,CA-DWR,2010,DAU22954,DAU22954,49,http://wade.sdsc.edu
-999 ,SUMMARY,USE,-999,,CA-DWR,2010,DAU15404,DAU15404,49,http://wade.sdsc.edu
-999 ,SUMMARY,USE,-999,,CA-DWR,2010,DAU22024,DAU22024,49,http://wade.sdsc.edu
-999 ,SUMMARY,USE,-999,,CA-DWR,2010,DAU30315,DAU30315,49,http://wade.sdsc.edu
-999 ,SUMMARY,SUPPLY,-999,,CA-DWR,2010,DAU24616,DAU24616,49,http://wade.sdsc.edu
-999 ,SUMMARY,SUPPLY,-999,,CA-DWR,2010,DAU32633,DAU32633,49,http://wade.sdsc.edu
-999 ,SUMMARY,SUPPLY,-999,,CA-DWR,2010,DAU19920,DAU19920,49,http://wade.sdsc.edu
-999 ,SUMMARY,SUPPLY,-999,,CA-DWR,2010,DAU16604,DAU16604,49,http://wade.sdsc.edu
-999 ,SUMMARY,USE,-999,,CA-DWR,2010,DAU34913,DAU34913,49,http://wade.sdsc.edu
-999 ,SUMMARY,SUPPLY,-999,,CA-DWR,2010,DAU35233,DAU35233,49,http://wade.sdsc.edu
-999 ,SUMMARY,SUPPLY,-999,,CA-DWR,2010,DAU26115,DAU26115,49,http://wade.sdsc.edu
-999 ,SUMMARY,SUPPLY,-999,,CA-DWR,2010,DAU26546,DAU26546,49,http://wade.sdsc.edu
-999 ,SUMMARY,USE,-999,,CA-DWR,2010,DAU01408,DAU01408,49,http://wade.sdsc.edu
-999 ,SUMMARY,USE,-999,,CA-DWR,2010,DAU25415,DAU25415,49,http://wade.sdsc.edu
-999 ,SUMMARY,SUPPLY,-999,,CA-DWR,2010,DAU05935,DAU05935,49,http://wade.sdsc.edu
-999 ,SUMMARY,SUPPLY,-999,,CA-DWR,2010,DAU23910,DAU23910,49,http://wade.sdsc.edu
-999 ,SUMMARY,SUPPLY,-999,,CA-DWR,2010,DAU34136,DAU34136,49,http://wade.sdsc.edu
-999 ,SUMMARY,SUPPLY,-999,,CA-DWR,2010,DAU21739,DAU21739,49,http://wade.sdsc.edu
-999 ,SUMMARY,USE,-999,,CA-DWR,2010,DAU03721,DAU03721,49,http://wade.sdsc.edu
-999 ,SUMMARY,USE,-999,,CA-DWR,2010,DAU29915,DAU29915,49,http://wade.sdsc.edu
,SUMMARY,USE,,,CA-DWR,2010,502,Upper Northwest Valley,49,http://wade.sdsc.edu
-999 ,SUMMARY,SUPPLY,-999,,CA-DWR,2010,DAU31536,DAU31536,49,http://wade.sdsc.edu
-999 ,SUMMARY,SUPPLY,-999,,CA-DWR,2010,DAU01012,DAU01012,49,http://wade.sdsc.edu
-999 ,SUMMARY,SUPPLY,-999,,CA-DWR,2010,DAU32536,DAU32536,49,http://wade.sdsc.edu
-999 ,SUMMARY,SUPPLY,-999,,CA-DWR,2010,DAU10036,DAU10036,49,http://wade.sdsc.edu
-999 ,SUMMARY,SUPPLY,-999,,CA-DWR,2010,DAU24216,DAU24216,49,http://wade.sdsc.edu
-999 ,SUMMARY,SUPPLY,-999,,CA-DWR,2010,DAU30636,DAU30636,49,http://wade.sdsc.edu
-999 ,SUMMARY,USE,-999,,CA-DWR,2010,DAU17602,DAU17602,49,http://wade.sdsc.edu
-999 ,SUMMARY,SUPPLY,-999,,CA-DWR,2010,DAU30314,DAU30314,49,http://wade.sdsc.edu
-999 ,SUMMARY,SUPPLY,-999,,CA-DWR,2010,DAU20022,DAU20022,49,http://wade.sdsc.edu
-999 ,SUMMARY,USE,-999,,CA-DWR,2010,DAU23410,DAU23410,49,http://wade.sdsc.edu
-999 ,SUMMARY,USE,-999,,CA-DWR,2010,DAU02012,DAU02012,49,http://wade.sdsc.edu
-999 ,SUMMARY,USE,-999,,CA-DWR,2010,DAU27626,DAU27626,49,http://wade.sdsc.edu
-999 ,SUMMARY,SUPPLY,-999,,CA-DWR,2010,DAU26518,DAU26518,49,http://wade.sdsc.edu
-999 ,SUMMARY,USE,-999,,CA-DWR,2010,DAU17251,DAU17251,49,http://wade.sdsc.edu
-999 ,SUMMARY,USE,-999,,CA-DWR,2010,DAU25240,DAU25240,49,http://wade.sdsc.edu
-999 ,SUMMARY,SUPPLY,-999,,CA-DWR,2010,DAU19650,DAU19650,49,http://wade.sdsc.edu
-999 ,SUMMARY,USE,-999,,CA-DWR,2010,DAU04338,DAU04338,49,http://wade.sdsc.edu
-999 ,SUMMARY,USE,-999,,CA-DWR,2010,DAU26846,DAU26846,49,http://wade.sdsc.edu
-999 ,SUMMARY,USE,-999,,CA-DWR,2010,DAU13647,DAU13647,49,http://wade.sdsc.edu
-999 ,SUMMARY,SUPPLY,-999,,CA-DWR,2010,DAU21624,DAU21624,49,http://wade.sdsc.edu
-999 ,SUMMARY,SUPPLY,-999,,CA-DWR,2010,DAU34833,DAU34833,49,http://wade.sdsc.edu
-999 ,SUMMARY,USE,-999,,CA-DWR,2010,DAU27526,DAU27526,49,http://wade.sdsc.edu
-999 ,SUMMARY,SUPPLY,-999,,CA-DWR,2010,DAU05435,DAU05435,49,http://wade.sdsc.edu
-999 ,SUMMARY,SUPPLY,-999,,CA-DWR,2010,DAU18501,DAU18501,49,http://wade.sdsc.edu
-999 ,SUMMARY,USE,-999,,CA-DWR,2010,DAU07542,DAU07542,49,http://wade.sdsc.edu
-999 ,SUMMARY,USE,-999,,CA-DWR,2010,DAU24054,DAU24054,49,http://wade.sdsc.edu
-999 ,SUMMARY,SUPPLY,-999,,CA-DWR,2010,DAU25315,DAU25315,49,http://wade.sdsc.edu
-999 ,SUMMARY,USE,-999,,CA-DWR,2010,DAU21520,DAU21520,49,http://wade.sdsc.edu
-999 ,SUMMARY,USE,-999,,CA-DWR,2010,DAU40323,DAU40323,49,http://wade.sdsc.edu
-999 ,SUMMARY,USE,-999,,CA-DWR,2010,DAU16406,DAU16406,49,http://wade.sdsc.edu
-999 ,SUMMARY,SUPPLY,-999,,CA-DWR,2010,DAU24116,DAU24116,49,http://wade.sdsc.edu
-999 ,SUMMARY,SUPPLY,-999,,CA-DWR,2010,DAU25115,DAU25115,49,http://wade.sdsc.edu
-999 ,SUMMARY,USE,-999,,CA-DWR,2010,DAU17417,DAU17417,49,http://wade.sdsc.edu
-999 ,SUMMARY,SUPPLY,-999,,CA-DWR,2010,DAU33036,DAU33036,49,http://wade.sdsc.edu
-999 ,SUMMARY,SUPPLY,-999,,CA-DWR,2010,DAU15418,DAU15418,49,http://wade.sdsc.edu
-999 ,SUMMARY,SUPPLY,-999,,CA-DWR,2010,DAU24910,DAU24910,49,http://wade.sdsc.edu
-999 ,SUMMARY,SUPPLY,-999,,CA-DWR,2010,DAU34533,DAU34533,49,http://wade.sdsc.edu
-999 ,SUMMARY,USE,-999,,CA-DWR,2010,DAU19720,DAU19720,49,http://wade.sdsc.edu
-999 ,SUMMARY,SUPPLY,-999,,CA-DWR,2010,DAU33413,DAU33413,49,http://wade.sdsc.edu
-999 ,SUMMARY,USE,-999,,CA-DWR,2010,DAU34837,DAU34837,49,http://wade.sdsc.edu
-999 ,SUMMARY,SUPPLY,-999,,CA-DWR,2010,DAU06740,DAU06740,49,http://wade.sdsc.edu
-999 ,SUMMARY,SUPPLY,-999,,CA-DWR,2010,DAU25515,DAU25515,49,http://wade.sdsc.edu
-999 ,SUMMARY,SUPPLY,-999,,CA-DWR,2010,DAU39221,DAU39221,49,http://wade.sdsc.edu
-999 ,SUMMARY,SUPPLY,-999,,CA-DWR,2010,DAU01723,DAU01723,49,http://wade.sdsc.edu
-999 ,SUMMARY,SUPPLY,-999,,CA-DWR,2010,DAU31836,DAU31836,49,http://wade.sdsc.edu
-999 ,SUMMARY,USE,-999,,CA-DWR,2010,DAU16257,DAU16257,49,http://wade.sdsc.edu
-999 ,SUMMARY,USE,-999,,CA-DWR,2010,DAU04507,DAU04507,49,http://wade.sdsc.edu
-999 ,SUMMARY,USE,-999,,CA-DWR,2010,DAU26802,DAU26802,49,http://wade.sdsc.edu
-999 ,SUMMARY,SUPPLY,-999,,CA-DWR,2010,DAU33133,DAU33133,49,http://wade.sdsc.edu
-999 ,SUMMARY,SUPPLY,-999,,CA-DWR,2010,DAU16058,DAU16058,49,http://wade.sdsc.edu
-999 ,SUMMARY,SUPPLY,-999,,CA-DWR,2010,DAU05027,DAU05027,49,http://wade.sdsc.edu
-999 ,SUMMARY,SUPPLY,-999,,CA-DWR,2010,DAU20639,DAU20639,49,http://wade.sdsc.edu
-999 ,SUMMARY,USE,-999,,CA-DWR,2010,DAU05944,DAU05944,49,http://wade.sdsc.edu
-999 ,SUMMARY,SUPPLY,-999,,CA-DWR,2010,DAU17406,DAU17406,49,http://wade.sdsc.edu
-999 ,SUMMARY,SUPPLY,-999,,CA-DWR,2010,DAU29336,DAU29336,49,http://wade.sdsc.edu
-999 ,SUMMARY,USE,-999,,CA-DWR,2010,DAU32436,DAU32436,49,http://wade.sdsc.edu
-999 ,SUMMARY,SUPPLY,-999,,CA-DWR,2010,DAU35033,DAU35033,49,http://wade.sdsc.edu
-999 ,SUMMARY,USE,-999,,CA-DWR,2010,DAU00712,DAU00712,49,http://wade.sdsc.edu
-999 ,SUMMARY,USE,-999,,CA-DWR,2010,DAU35613,DAU35613,49,http://wade.sdsc.edu
-999 ,SUMMARY,USE,-999,,CA-DWR,2010,DAU33233,DAU33233,49,http://wade.sdsc.edu
-999 ,SUMMARY,SUPPLY,-999,,CA-DWR,2010,DAU04543,DAU04543,49,http://wade.sdsc.edu
-999 ,SUMMARY,USE,-999,,CA-DWR,2010,DAU05427,DAU05427,49,http://wade.sdsc.edu
-999 ,SUMMARY,USE,-999,,CA-DWR,2010,DAU02517,DAU02517,49,http://wade.sdsc.edu
-999 ,SUMMARY,SUPPLY,-999,,CA-DWR,2010,DAU29136,DAU29136,49,http://wade.sdsc.edu
-999 ,SUMMARY,USE,-999,,CA-DWR,2010,DAU06235,DAU06235,49,http://wade.sdsc.edu
-999 ,SUMMARY,USE,-999,,CA-DWR,2010,DAU16704,DAU16704,49,http://wade.sdsc.edu
-999 ,SUMMARY,USE,-999,,CA-DWR,2010,DAU31236,DAU31236,49,http://wade.sdsc.edu
-999 ,SUMMARY,USE,-999,,CA-DWR,2010,DAU16357,DAU16357,49,http://wade.sdsc.edu
,SUMMARY,USE,,,CA-DWR,2010,402,Metropolitan LA,49,http://wade.sdsc.edu
-999 ,SUMMARY,USE,-999,,CA-DWR,2010,DAU30036,DAU30036,49,http://wade.sdsc.edu
-999 ,SUMMARY,USE,-999,,CA-DWR,2010,DAU23710,DAU23710,49,http://wade.sdsc.edu
-999 ,SUMMARY,USE,-999,,CA-DWR,2010,DAU29814,DAU29814,49,http://wade.sdsc.edu
,SUMMARY,USE,,,CA-DWR,2010,101,Upper Klamath,49,http://wade.sdsc.edu
-999 ,SUMMARY,USE,-999,,CA-DWR,2010,DAU35237,DAU35237,49,http://wade.sdsc.edu
,SUMMARY,USE,,,CA-DWR,2010,607,Upper Valley East Side,49,http://wade.sdsc.edu
-999 ,SUMMARY,USE,-999,,CA-DWR,2010,DAU18450,DAU18450,49,http://wade.sdsc.edu
-999 ,SUMMARY,USE,-999,,CA-DWR,2010,DAU09619,DAU09619,49,http://wade.sdsc.edu
-999 ,SUMMARY,USE,-999,,CA-DWR,2010,DAU31336,DAU31336,49,http://wade.sdsc.edu
-999 ,SUMMARY,USE,-999,,CA-DWR,2010,DAU15809,DAU15809,49,http://wade.sdsc.edu
-999 ,SUMMARY,SUPPLY,-999,,CA-DWR,2010,DAU19555,DAU19555,49,http://wade.sdsc.edu
-999 ,SUMMARY,USE,-999,,CA-DWR,2010,DAU23115,DAU23115,49,http://wade.sdsc.edu
-999 ,SUMMARY,USE,-999,,CA-DWR,2010,DAU23310,DAU23310,49,http://wade.sdsc.edu
-999 ,SUMMARY,USE,-999,,CA-DWR,2010,DAU15631,DAU15631,49,http://wade.sdsc.edu
-999 ,SUMMARY,USE,-999,,CA-DWR,2010,DAU29036,DAU29036,49,http://wade.sdsc.edu
,SUMMARY,USE,,,CA-DWR,2010,1002,Coachella,49,http://wade.sdsc.edu
-999 ,SUMMARY,USE,-999,,CA-DWR,2010,DAU04707,DAU04707,49,http://wade.sdsc.edu
-999 ,SUMMARY,SUPPLY,-999,,CA-DWR,2010,DAU14552,DAU14552,49,http://wade.sdsc.edu
-999 ,SUMMARY,SUPPLY,-999,,CA-DWR,2010,DAU33336,DAU33336,49,http://wade.sdsc.edu
-999 ,SUMMARY,SUPPLY,-999,,CA-DWR,2010,DAU26218,DAU26218,49,http://wade.sdsc.edu
,SUMMARY,USE,,,CA-DWR,2010,707,Uplands,49,http://wade.sdsc.edu
-999 ,SUMMARY,USE,-999,,CA-DWR,2010,DAU22654,DAU22654,49,http://wade.sdsc.edu
-999 ,SUMMARY,SUPPLY,-999,,CA-DWR,2010,DAU29836,DAU29836,49,http://wade.sdsc.edu
-999 ,SUMMARY,SUPPLY,-999,,CA-DWR,2010,DAU03821,DAU03821,49,http://wade.sdsc.edu
,SUMMARY,USE,,,CA-DWR,2010,403,Santa Ana,49,http://wade.sdsc.edu
-999 ,SUMMARY,USE,-999,,CA-DWR,2010,DAU04128,DAU04128,49,http://wade.sdsc.edu
-999 ,SUMMARY,SUPPLY,-999,,CA-DWR,2010,DAU02323,DAU02323,49,http://wade.sdsc.edu
-999 ,SUMMARY,SUPPLY,-999,,CA-DWR,2010,DAU13425,DAU13425,49,http://wade.sdsc.edu
,SUMMARY,USE,,,CA-DWR,2010,404,San Diego,49,http://wade.sdsc.edu
-999 ,SUMMARY,SUPPLY,-999,,CA-DWR,2010,DAU01949,DAU01949,49,http://wade.sdsc.edu
-999 ,SUMMARY,USE,-999,,CA-DWR,2010,DAU11430,DAU11430,49,http://wade.sdsc.edu
-999 ,SUMMARY,USE,-999,,CA-DWR,2010,DAU24010,DAU24010,49,http://wade.sdsc.edu
-999 ,SUMMARY,SUPPLY,-999,,CA-DWR,2010,DAU34713,DAU34713,49,http://wade.sdsc.edu
-999 ,SUMMARY,USE,-999,,CA-DWR,2010,DAU07240,DAU07240,49,http://wade.sdsc.edu
-999 ,SUMMARY,USE,-999,,CA-DWR,2010,DAU33833,DAU33833,49,http://wade.sdsc.edu
-999 ,SUMMARY,USE,-999,,CA-DWR,2010,DAU24716,DAU24716,49,http://wade.sdsc.edu
-999 ,SUMMARY,SUPPLY,-999,,CA-DWR,2010,DAU19822,DAU19822,49,http://wade.sdsc.edu
-999 ,SUMMARY,SUPPLY,-999,,CA-DWR,2010,DAU00147,DAU00147,49,http://wade.sdsc.edu
-999 ,SUMMARY,SUPPLY,-999,,CA-DWR,2010,DAU05227,DAU05227,49,http://wade.sdsc.edu
-999 ,SUMMARY,USE,-999,,CA-DWR,2010,DAU17457,DAU17457,49,http://wade.sdsc.edu
-999 ,SUMMARY,SUPPLY,-999,,CA-DWR,2010,DAU17517,DAU17517,49,http://wade.sdsc.edu
-999 ,SUMMARY,SUPPLY,-999,,CA-DWR,2010,DAU05927,DAU05927,49,http://wade.sdsc.edu
-999 ,SUMMARY,SUPPLY,-999,,CA-DWR,2010,DAU28414,DAU28414,49,http://wade.sdsc.edu
-999 ,SUMMARY,USE,-999,,CA-DWR,2010,DAU26618,DAU26618,49,http://wade.sdsc.edu
-999 ,SUMMARY,USE,-999,,CA-DWR,2010,DAU07656,DAU07656,49,http://wade.sdsc.edu
-999 ,SUMMARY,USE,-999,,CA-DWR,2010,DAU03849,DAU03849,49,http://wade.sdsc.edu
-999 ,SUMMARY,SUPPLY,-999,,CA-DWR,2010,DAU23816,DAU23816,49,http://wade.sdsc.edu
-999 ,SUMMARY,SUPPLY,-999,,CA-DWR,2010,DAU19722,DAU19722,49,http://wade.sdsc.edu
-999 ,SUMMARY,SUPPLY,-999,,CA-DWR,2010,DAU25316,DAU25316,49,http://wade.sdsc.edu
-999 ,SUMMARY,SUPPLY,-999,,CA-DWR,2010,DAU33236,DAU33236,49,http://wade.sdsc.edu
-999 ,SUMMARY,USE,-999,,CA-DWR,2010,DAU18105,DAU18105,49,http://wade.sdsc.edu
-999 ,SUMMARY,USE,-999,,CA-DWR,2010,DAU20020,DAU20020,49,http://wade.sdsc.edu
-999 ,SUMMARY,USE,-999,,CA-DWR,2010,DAU27714,DAU27714,49,http://wade.sdsc.edu
-999 ,SUMMARY,SUPPLY,-999,,CA-DWR,2010,DAU15629,DAU15629,49,http://wade.sdsc.edu
-999 ,SUMMARY,SUPPLY,-999,,CA-DWR,2010,DAU29236,DAU29236,49,http://wade.sdsc.edu
-999 ,SUMMARY,USE,-999,,CA-DWR,2010,DAU02712,DAU02712,49,http://wade.sdsc.edu
-999 ,SUMMARY,USE,-999,,CA-DWR,2010,DAU19239,DAU19239,49,http://wade.sdsc.edu
,SUMMARY,USE,,,CA-DWR,2010,508,Southeast,49,http://wade.sdsc.edu
-999 ,SUMMARY,USE,-999,,CA-DWR,2010,DAU32036,DAU32036,49,http://wade.sdsc.edu
-999 ,SUMMARY,USE,-999,,CA-DWR,2010,DAU04701,DAU04701,49,http://wade.sdsc.edu
-999 ,SUMMARY,USE,-999,,CA-DWR,2010,DAU11033,DAU11033,49,http://wade.sdsc.edu
-999 ,SUMMARY,USE,-999,,CA-DWR,2010,DAU19402,DAU19402,49,http://wade.sdsc.edu
-999 ,SUMMARY,SUPPLY,-999,,CA-DWR,2010,DAU34633,DAU34633,49,http://wade.sdsc.edu
-999 ,SUMMARY,SUPPLY,-999,,CA-DWR,2010,DAU33633,DAU33633,49,http://wade.sdsc.edu
-999 ,SUMMARY,SUPPLY,-999,,CA-DWR,2010,DAU06435,DAU06435,49,http://wade.sdsc.edu
-999 ,SUMMARY,SUPPLY,-999,,CA-DWR,2010,DAU14152,DAU14152,49,http://wade.sdsc.edu
-999 ,SUMMARY,SUPPLY,-999,,CA-DWR,2010,DAU00347,DAU00347,49,http://wade.sdsc.edu
-999 ,SUMMARY,USE,-999,,CA-DWR,2010,DAU23916,DAU23916,49,http://wade.sdsc.edu
-999 ,SUMMARY,SUPPLY,-999,,CA-DWR,2010,DAU30515,DAU30515,49,http://wade.sdsc.edu
-999 ,SUMMARY,SUPPLY,-999,,CA-DWR,2010,DAU08919,DAU08919,49,http://wade.sdsc.edu
-999 ,SUMMARY,SUPPLY,-999,,CA-DWR,2010,DAU27726,DAU27726,49,http://wade.sdsc.edu
-999 ,SUMMARY,USE,-999,,CA-DWR,2010,DAU13018,DAU13018,49,http://wade.sdsc.edu
-999 ,SUMMARY,SUPPLY,-999,,CA-DWR,2010,DAU18239,DAU18239,49,http://wade.sdsc.edu
-999 ,SUMMARY,USE,-999,,CA-DWR,2010,DAU15904,DAU15904,49,http://wade.sdsc.edu
-999 ,SUMMARY,USE,-999,,CA-DWR,2010,DAU35713,DAU35713,49,http://wade.sdsc.edu
-999 ,SUMMARY,SUPPLY,-999,,CA-DWR,2010,DAU04241,DAU04241,49,http://wade.sdsc.edu
-999 ,SUMMARY,USE,-999,,CA-DWR,2010,DAU40423,DAU40423,49,http://wade.sdsc.edu
-999 ,SUMMARY,USE,-999,,CA-DWR,2010,DAU31036,DAU31036,49,http://wade.sdsc.edu
-999 ,SUMMARY,USE,-999,,CA-DWR,2010,DAU11433,DAU11433,49,http://wade.sdsc.edu
-999 ,SUMMARY,USE,-999,,CA-DWR,2010,DAU19157,DAU19157,49,http://wade.sdsc.edu
-999 ,SUMMARY,USE,-999,,CA-DWR,2010,DAU27814,DAU27814,49,http://wade.sdsc.edu
-999 ,SUMMARY,SUPPLY,-999,,CA-DWR,2010,DAU07342,DAU07342,49,http://wade.sdsc.edu
-999 ,SUMMARY,SUPPLY,-999,,CA-DWR,2010,DAU20120,DAU20120,49,http://wade.sdsc.edu
-999 ,SUMMARY,SUPPLY,-999,,CA-DWR,2010,DAU17234,DAU17234,49,http://wade.sdsc.edu
-999 ,SUMMARY,SUPPLY,-999,,CA-DWR,2010,DAU09219,DAU09219,49,http://wade.sdsc.edu
-999 ,SUMMARY,SUPPLY,-999,,CA-DWR,2010,DAU22815,DAU22815,49,http://wade.sdsc.edu
-999 ,SUMMARY,SUPPLY,-999,,CA-DWR,2010,DAU28026,DAU28026,49,http://wade.sdsc.edu
-999 ,SUMMARY,SUPPLY,-999,,CA-DWR,2010,DAU30619,DAU30619,49,http://wade.sdsc.edu
-999 ,SUMMARY,SUPPLY,-999,,CA-DWR,2010,DAU40449,DAU40449,49,http://wade.sdsc.edu
-999 ,SUMMARY,SUPPLY,-999,,CA-DWR,2010,DAU17634,DAU17634,49,http://wade.sdsc.edu
-999 ,SUMMARY,SUPPLY,-999,,CA-DWR,2010,DAU26809,DAU26809,49,http://wade.sdsc.edu
,SUMMARY,USE,,,CA-DWR,2010,8,North Lahontan,49,http://wade.sdsc.edu
-999 ,SUMMARY,USE,-999,,CA-DWR,2010,DAU35437,DAU35437,49,http://wade.sdsc.edu
-999 ,SUMMARY,USE,-999,,CA-DWR,2010,DAU13445,DAU13445,49,http://wade.sdsc.edu
-999 ,SUMMARY,USE,-999,,CA-DWR,2010,DAU02812,DAU02812,49,http://wade.sdsc.edu
-999 ,SUMMARY,SUPPLY,-999,,CA-DWR,2010,DAU22854,DAU22854,49,http://wade.sdsc.edu
-999 ,SUMMARY,SUPPLY,-999,,CA-DWR,2010,DAU17004,DAU17004,49,http://wade.sdsc.edu
-999 ,SUMMARY,SUPPLY,-999,,CA-DWR,2010,DAU14352,DAU14352,49,http://wade.sdsc.edu
-999 ,SUMMARY,SUPPLY,-999,,CA-DWR,2010,DAU00447,DAU00447,49,http://wade.sdsc.edu
-999 ,SUMMARY,SUPPLY,-999,,CA-DWR,2010,DAU21639,DAU21639,49,http://wade.sdsc.edu
-999 ,SUMMARY,USE,-999,,CA-DWR,2010,DAU17158,DAU17158,49,http://wade.sdsc.edu
-999 ,SUMMARY,USE,-999,,CA-DWR,2010,DAU14145,DAU14145,49,http://wade.sdsc.edu
,SUMMARY,USE,,,CA-DWR,2010,605,Sierra Foothills,49,http://wade.sdsc.edu
,SUMMARY,USE,,,CA-DWR,2010,301,Northern,49,http://wade.sdsc.edu
-999 ,SUMMARY,USE,-999,,CA-DWR,2010,DAU29436,DAU29436,49,http://wade.sdsc.edu
-999 ,SUMMARY,USE,-999,,CA-DWR,2010,DAU13025,DAU13025,49,http://wade.sdsc.edu
-999 ,SUMMARY,USE,-999,,CA-DWR,2010,DAU06840,DAU06840,49,http://wade.sdsc.edu
-999 ,SUMMARY,USE,-999,,CA-DWR,2010,DAU13225,DAU13225,49,http://wade.sdsc.edu
-999 ,SUMMARY,USE,-999,,CA-DWR,2010,DAU02511,DAU02511,49,http://wade.sdsc.edu
-999 ,SUMMARY,SUPPLY,-999,,CA-DWR,2010,DAU09633,DAU09633,49,http://wade.sdsc.edu
-999 ,SUMMARY,USE,-999,,CA-DWR,2010,DAU02153,DAU02153,49,http://wade.sdsc.edu
-999 ,SUMMARY,SUPPLY,-999,,CA-DWR,2010,DAU18657,DAU18657,49,http://wade.sdsc.edu
-999 ,SUMMARY,USE,-999,,CA-DWR,2010,DAU03053,DAU03053,49,http://wade.sdsc.edu
-999 ,SUMMARY,USE,-999,,CA-DWR,2010,DAU15646,DAU15646,49,http://wade.sdsc.edu
-999 ,SUMMARY,SUPPLY,-999,,CA-DWR,2010,DAU08719,DAU08719,49,http://wade.sdsc.edu
-999 ,SUMMARY,SUPPLY,-999,,CA-DWR,2010,DAU22454,DAU22454,49,http://wade.sdsc.edu
-999 ,SUMMARY,SUPPLY,-999,,CA-DWR,2010,DAU16651,DAU16651,49,http://wade.sdsc.edu
-999 ,SUMMARY,USE,-999,,CA-DWR,2010,DAU29536,DAU29536,49,http://wade.sdsc.edu
,SUMMARY,USE,,,CA-DWR,2010,904,Antelope Valley,49,http://wade.sdsc.edu
-999 ,SUMMARY,USE,-999,,CA-DWR,2010,DAU22754,DAU22754,49,http://wade.sdsc.edu
-999 ,SUMMARY,SUPPLY,-999,,CA-DWR,2010,DAU17609,DAU17609,49,http://wade.sdsc.edu
-999 ,SUMMARY,SUPPLY,-999,,CA-DWR,2010,DAU29636,DAU29636,49,http://wade.sdsc.edu
-999 ,SUMMARY,USE,-999,,CA-DWR,2010,DAU20750,DAU20750,49,http://wade.sdsc.edu
-999 ,SUMMARY,USE,-999,,CA-DWR,2010,DAU28314,DAU28314,49,http://wade.sdsc.edu
-999 ,SUMMARY,SUPPLY,-999,,CA-DWR,2010,DAU19405,DAU19405,49,http://wade.sdsc.edu
-999 ,SUMMARY,USE,-999,,CA-DWR,2010,DAU30015,DAU30015,49,http://wade.sdsc.edu
-999 ,SUMMARY,SUPPLY,-999,,CA-DWR,2010,DAU20420,DAU20420,49,http://wade.sdsc.edu
-999 ,SUMMARY,SUPPLY,-999,,CA-DWR,2010,DAU24515,DAU24515,49,http://wade.sdsc.edu
-999 ,SUMMARY,USE,-999,,CA-DWR,2010,DAU35333,DAU35333,49,http://wade.sdsc.edu
-999 ,SUMMARY,SUPPLY,-999,,CA-DWR,2010,DAU17528,DAU17528,49,http://wade.sdsc.edu
-999 ,SUMMARY,SUPPLY,-999,,CA-DWR,2010,DAU33333,DAU33333,49,http://wade.sdsc.edu
-999 ,SUMMARY,USE,-999,,CA-DWR,2010,DAU27002,DAU27002,49,http://wade.sdsc.edu
-999 ,SUMMARY,SUPPLY,-999,,CA-DWR,2010,DAU16411,DAU16411,49,http://wade.sdsc.edu
-999 ,SUMMARY,SUPPLY,-999,,CA-DWR,2010,DAU28514,DAU28514,49,http://wade.sdsc.edu
-999 ,SUMMARY,USE,-999,,CA-DWR,2010,DAU28114,DAU28114,49,http://wade.sdsc.edu
-999 ,SUMMARY,SUPPLY,-999,,CA-DWR,2010,DAU33733,DAU33733,49,http://wade.sdsc.edu
-999 ,SUMMARY,USE,-999,,CA-DWR,2010,DAU17605,DAU17605,49,http://wade.sdsc.edu
-999 ,SUMMARY,USE,-999,,CA-DWR,2010,DAU05727,DAU05727,49,http://wade.sdsc.edu
-999 ,SUMMARY,SUPPLY,-999,,CA-DWR,2010,DAU07040,DAU07040,49,http://wade.sdsc.edu
-999 ,SUMMARY,SUPPLY,-999,,CA-DWR,2010,DAU16611,DAU16611,49,http://wade.sdsc.edu
-999 ,SUMMARY,SUPPLY,-999,,CA-DWR,2010,DAU16711,DAU16711,49,http://wade.sdsc.edu
-999 ,SUMMARY,USE,-999,,CA-DWR,2010,DAU28536,DAU28536,49,http://wade.sdsc.edu
-999 ,SUMMARY,SUPPLY,-999,,CA-DWR,2010,DAU22554,DAU22554,49,http://wade.sdsc.edu
,SUMMARY,USE,,,CA-DWR,2010,606,Valley West Side,49,http://wade.sdsc.edu
-999 ,SUMMARY,SUPPLY,-999,,CA-DWR,2010,DAU20924,DAU20924,49,http://wade.sdsc.edu
-999 ,SUMMARY,USE,-999,,CA-DWR,2010,DAU20850,DAU20850,49,http://wade.sdsc.edu
-999 ,SUMMARY,SUPPLY,-999,,CA-DWR,2010,DAU20320,DAU20320,49,http://wade.sdsc.edu
-999 ,SUMMARY,SUPPLY,-999,,CA-DWR,2010,DAU17151,DAU17151,49,http://wade.sdsc.edu
-999 ,SUMMARY,USE,-999,,CA-DWR,2010,DAU18034,DAU18034,49,http://wade.sdsc.edu
-999 ,SUMMARY,SUPPLY,-999,,CA-DWR,2010,DAU19201,DAU19201,49,http://wade.sdsc.edu
-999 ,SUMMARY,USE,-999,,CA-DWR,2010,DAU34233,DAU34233,49,http://wade.sdsc.edu
-999 ,SUMMARY,USE,-999,,CA-DWR,2010,DAU08142,DAU08142,49,http://wade.sdsc.edu
,SUMMARY,USE,,,CA-DWR,2010,710,Kern Delta,49,http://wade.sdsc.edu
-999 ,SUMMARY,SUPPLY,-999,,CA-DWR,2010,DAU19824,DAU19824,49,http://wade.sdsc.edu
-999 ,SUMMARY,SUPPLY,-999,,CA-DWR,2010,DAU30936,DAU30936,49,http://wade.sdsc.edu
-999 ,SUMMARY,USE,-999,,CA-DWR,2010,DAU19655,DAU19655,49,http://wade.sdsc.edu
-999 ,SUMMARY,USE,-999,,CA-DWR,2010,DAU23954,DAU23954,49,http://wade.sdsc.edu
-999 ,SUMMARY,USE,-999,,CA-DWR,2010,DAU21024,DAU21024,49,http://wade.sdsc.edu
-999 ,SUMMARY,USE,-999,,CA-DWR,2010,DAU09833,DAU09833,49,http://wade.sdsc.edu
-999 ,SUMMARY,USE,-999,,CA-DWR,2010,DAU04607,DAU04607,49,http://wade.sdsc.edu
,SUMMARY,USE,,,CA-DWR,2010,1003,Chuckwalla,49,http://wade.sdsc.edu
-999 ,SUMMARY,SUPPLY,-999,,CA-DWR,2010,DAU16029,DAU16029,49,http://wade.sdsc.edu
-999 ,SUMMARY,USE,-999,,CA-DWR,2010,DAU25915,DAU25915,49,http://wade.sdsc.edu
-999 ,SUMMARY,SUPPLY,-999,,CA-DWR,2010,DAU17603,DAU17603,49,http://wade.sdsc.edu
-999 ,SUMMARY,SUPPLY,-999,,CA-DWR,2010,DAU04443,DAU04443,49,http://wade.sdsc.edu
-999 ,SUMMARY,SUPPLY,-999,,CA-DWR,2010,DAU24416,DAU24416,49,http://wade.sdsc.edu
-999 ,SUMMARY,USE,-999,,CA-DWR,2010,DAU10430,DAU10430,49,http://wade.sdsc.edu
-999 ,SUMMARY,SUPPLY,-999,,CA-DWR,2010,DAU03749,DAU03749,49,http://wade.sdsc.edu
-999 ,SUMMARY,SUPPLY,-999,,CA-DWR,2010,DAU04827,DAU04827,49,http://wade.sdsc.edu
-999 ,SUMMARY,USE,-999,,CA-DWR,2010,DAU09236,DAU09236,49,http://wade.sdsc.edu
,SUMMARY,USE,,,CA-DWR,2010,1001,Twenty-Nine Palms - Lanfair,49,http://wade.sdsc.edu
-999 ,SUMMARY,USE,-999,,CA-DWR,2010,DAU14404,DAU14404,49,http://wade.sdsc.edu
-999 ,SUMMARY,USE,-999,,CA-DWR,2010,DAU34836,DAU34836,49,http://wade.sdsc.edu
-999 ,SUMMARY,USE,-999,,CA-DWR,2010,DAU15829,DAU15829,49,http://wade.sdsc.edu
-999 ,SUMMARY,USE,-999,,CA-DWR,2010,DAU23716,DAU23716,49,http://wade.sdsc.edu
-999 ,SUMMARY,USE,-999,,CA-DWR,2010,DAU34333,DAU34333,49,http://wade.sdsc.edu
-999 ,SUMMARY,SUPPLY,-999,,CA-DWR,2010,DAU00753,DAU00753,49,http://wade.sdsc.edu
-999 ,SUMMARY,USE,-999,,CA-DWR,2010,DAU32936,DAU32936,49,http://wade.sdsc.edu
-999 ,SUMMARY,SUPPLY,-999,,CA-DWR,2010,DAU21850,DAU21850,49,http://wade.sdsc.edu
-999 ,SUMMARY,USE,-999,,CA-DWR,2010,DAU24935,DAU24935,49,http://wade.sdsc.edu
-999 ,SUMMARY,SUPPLY,-999,,CA-DWR,2010,DAU20222,DAU20222,49,http://wade.sdsc.edu
-999 ,SUMMARY,SUPPLY,-999,,CA-DWR,2010,DAU06540,DAU06540,49,http://wade.sdsc.edu
-999 ,SUMMARY,USE,-999,,CA-DWR,2010,DAU25715,DAU25715,49,http://wade.sdsc.edu
-999 ,SUMMARY,SUPPLY,-999,,CA-DWR,2010,DAU05327,DAU05327,49,http://wade.sdsc.edu
-999 ,SUMMARY,SUPPLY,-999,,CA-DWR,2010,DAU34513,DAU34513,49,http://wade.sdsc.edu
-999 ,SUMMARY,USE,-999,,CA-DWR,2010,DAU16651,DAU16651,49,http://wade.sdsc.edu
-999 ,SUMMARY,USE,-999,,CA-DWR,2010,DAU22454,DAU22454,49,http://wade.sdsc.edu
-999 ,SUMMARY,USE,-999,,CA-DWR,2010,DAU08719,DAU08719,49,http://wade.sdsc.edu
-999 ,SUMMARY,USE,-999,,CA-DWR,2010,DAU13447,DAU13447,49,http://wade.sdsc.edu
-999 ,SUMMARY,USE,-999,,CA-DWR,2010,DAU15446,DAU15446,49,http://wade.sdsc.edu
-999 ,SUMMARY,SUPPLY,-999,,CA-DWR,2010,DAU00125,DAU00125,49,http://wade.sdsc.edu
-999 ,SUMMARY,USE,-999,,CA-DWR,2010,DAU24154,DAU24154,49,http://wade.sdsc.edu
-999 ,SUMMARY,USE,-999,,CA-DWR,2010,DAU23654,DAU23654,49,http://wade.sdsc.edu
-999 ,SUMMARY,SUPPLY,-999,,CA-DWR,2010,DAU22354,DAU22354,49,http://wade.sdsc.edu
-999 ,SUMMARY,USE,-999,,CA-DWR,2010,DAU04927,DAU04927,49,http://wade.sdsc.edu
-999 ,SUMMARY,USE,-999,,CA-DWR,2010,DAU40549,DAU40549,49,http://wade.sdsc.edu
-999 ,SUMMARY,SUPPLY,-999,,CA-DWR,2010,DAU34433,DAU34433,49,http://wade.sdsc.edu
-999 ,SUMMARY,SUPPLY,-999,,CA-DWR,2010,DAU35213,DAU35213,49,http://wade.sdsc.edu
-999 ,SUMMARY,USE,-999,,CA-DWR,2010,DAU07642,DAU07642,49,http://wade.sdsc.edu
,SUMMARY,USE,,,CA-DWR,2010,1005,Borrego,49,http://wade.sdsc.edu
-999 ,SUMMARY,USE,-999,,CA-DWR,2010,DAU26829,DAU26829,49,http://wade.sdsc.edu
-999 ,SUMMARY,SUPPLY,-999,,CA-DWR,2010,DAU24354,DAU24354,49,http://wade.sdsc.edu
-999 ,SUMMARY,SUPPLY,-999,,CA-DWR,2010,DAU25110,DAU25110,49,http://wade.sdsc.edu
-999 ,SUMMARY,SUPPLY,-999,,CA-DWR,2010,DAU21635,DAU21635,49,http://wade.sdsc.edu
-999 ,SUMMARY,SUPPLY,-999,,CA-DWR,2010,DAU39149,DAU39149,49,http://wade.sdsc.edu
-999 ,SUMMARY,SUPPLY,-999,,CA-DWR,2010,DAU24516,DAU24516,49,http://wade.sdsc.edu
-999 ,SUMMARY,SUPPLY,-999,,CA-DWR,2010,DAU34933,DAU34933,49,http://wade.sdsc.edu
-999 ,SUMMARY,USE,-999,,CA-DWR,2010,DAU35137,DAU35137,49,http://wade.sdsc.edu
-999 ,SUMMARY,USE,-999,,CA-DWR,2010,DAU06143,DAU06143,49,http://wade.sdsc.edu
-999 ,SUMMARY,SUPPLY,-999,,CA-DWR,2010,DAU33533,DAU33533,49,http://wade.sdsc.edu
-999 ,SUMMARY,USE,-999,,CA-DWR,2010,DAU30819,DAU30819,49,http://wade.sdsc.edu
-999 ,SUMMARY,SUPPLY,-999,,CA-DWR,2010,DAU40523,DAU40523,49,http://wade.sdsc.edu
-999 ,SUMMARY,USE,-999,,CA-DWR,2010,DAU04501,DAU04501,49,http://wade.sdsc.edu
,SUMMARY,USE,,,CA-DWR,2010,510,Sacramento Delta,49,http://wade.sdsc.edu
-999 ,SUMMARY,SUPPLY,-999,,CA-DWR,2010,DAU14345,DAU14345,49,http://wade.sdsc.edu
-999 ,SUMMARY,USE,-999,,CA-DWR,2010,DAU25256,DAU25256,49,http://wade.sdsc.edu
-999 ,SUMMARY,SUPPLY,-999,,CA-DWR,2010,DAU35513,DAU35513,49,http://wade.sdsc.edu
-999 ,SUMMARY,USE,-999,,CA-DWR,2010,DAU32733,DAU32733,49,http://wade.sdsc.edu
-999 ,SUMMARY,USE,-999,,CA-DWR,2010,DAU24810,DAU24810,49,http://wade.sdsc.edu
-999 ,SUMMARY,SUPPLY,-999,,CA-DWR,2010,DAU15632,DAU15632,49,http://wade.sdsc.edu
-999 ,SUMMARY,USE,-999,,CA-DWR,2010,DAU28814,DAU28814,49,http://wade.sdsc.edu
-999 ,SUMMARY,SUPPLY,-999,,CA-DWR,2010,DAU18507,DAU18507,49,http://wade.sdsc.edu
-999 ,SUMMARY,SUPPLY,-999,,CA-DWR,2010,DAU22210,DAU22210,49,http://wade.sdsc.edu
-999 ,SUMMARY,SUPPLY,-999,,CA-DWR,2010,DAU13418,DAU13418,49,http://wade.sdsc.edu
-999 ,SUMMARY,SUPPLY,-999,,CA-DWR,2010,DAU26225,DAU26225,49,http://wade.sdsc.edu
-999 ,SUMMARY,SUPPLY,-999,,CA-DWR,2010,DAU30415,DAU30415,49,http://wade.sdsc.edu
-999 ,SUMMARY,SUPPLY,-999,,CA-DWR,2010,DAU02512,DAU02512,49,http://wade.sdsc.edu
-999 ,SUMMARY,SUPPLY,-999,,CA-DWR,2010,DAU19605,DAU19605,49,http://wade.sdsc.edu
-999 ,SUMMARY,USE,-999,,CA-DWR,2010,DAU20650,DAU20650,49,http://wade.sdsc.edu
-999 ,SUMMARY,USE,-999,,CA-DWR,2010,DAU06044,DAU06044,49,http://wade.sdsc.edu
-999 ,SUMMARY,USE,-999,,CA-DWR,2010,DAU32736,DAU32736,49,http://wade.sdsc.edu
-999 ,SUMMARY,USE,-999,,CA-DWR,2010,DAU21320,DAU21320,49,http://wade.sdsc.edu
-999 ,SUMMARY,SUPPLY,-999,,CA-DWR,2010,DAU23610,DAU23610,49,http://wade.sdsc.edu
-999 ,SUMMARY,USE,-999,,CA-DWR,2010,DAU34036,DAU34036,49,http://wade.sdsc.edu
-999 ,SUMMARY,USE,-999,,CA-DWR,2010,DAU15834,DAU15834,49,http://wade.sdsc.edu
-999 ,SUMMARY,SUPPLY,-999,,CA-DWR,2010,DAU09630,DAU09630,49,http://wade.sdsc.edu
,SUMMARY,USE,,,CA-DWR,2010,511,Central Basin East,49,http://wade.sdsc.edu
-999 ,SUMMARY,USE,-999,,CA-DWR,2010,DAU22010,DAU22010,49,http://wade.sdsc.edu
-999 ,SUMMARY,SUPPLY,-999,,CA-DWR,2010,DAU20410,DAU20410,49,http://wade.sdsc.edu
-999 ,SUMMARY,USE,-999,,CA-DWR,2010,DAU30519,DAU30519,49,http://wade.sdsc.edu
-999 ,SUMMARY,SUPPLY,-999,,CA-DWR,2010,DAU03212,DAU03212,49,http://wade.sdsc.edu
-999 ,SUMMARY,SUPPLY,-999,,CA-DWR,2010,DAU31436,DAU31436,49,http://wade.sdsc.edu
-999 ,SUMMARY,SUPPLY,-999,,CA-DWR,2010,DAU16451,DAU16451,49,http://wade.sdsc.edu
-999 ,SUMMARY,USE,-999,,CA-DWR,2010,DAU05627,DAU05627,49,http://wade.sdsc.edu
-999 ,SUMMARY,USE,-999,,CA-DWR,2010,DAU01923,DAU01923,49,http://wade.sdsc.edu
,SUMMARY,USE,,,CA-DWR,2010,6,San Joaquin River,49,http://wade.sdsc.edu
-999 ,SUMMARY,SUPPLY,-999,,CA-DWR,2010,DAU07556,DAU07556,49,http://wade.sdsc.edu
-999 ,SUMMARY,SUPPLY,-999,,CA-DWR,2010,DAU20539,DAU20539,49,http://wade.sdsc.edu
-999 ,SUMMARY,USE,-999,,CA-DWR,2010,DAU21950,DAU21950,49,http://wade.sdsc.edu
-999 ,SUMMARY,SUPPLY,-999,,CA-DWR,2010,DAU14252,DAU14252,49,http://wade.sdsc.edu
-999 ,SUMMARY,USE,-999,,CA-DWR,2010,DAU30336,DAU30336,49,http://wade.sdsc.edu
-999 ,SUMMARY,USE,-999,,CA-DWR,2010,DAU01047,DAU01047,49,http://wade.sdsc.edu
-999 ,SUMMARY,USE,-999,,CA-DWR,2010,DAU12037,DAU12037,49,http://wade.sdsc.edu
-999 ,SUMMARY,SUPPLY,-999,,CA-DWR,2010,DAU30214,DAU30214,49,http://wade.sdsc.edu
-999 ,SUMMARY,USE,-999,,CA-DWR,2010,DAU15831,DAU15831,49,http://wade.sdsc.edu
-999 ,SUMMARY,SUPPLY,-999,,CA-DWR,2010,DAU26015,DAU26015,49,http://wade.sdsc.edu
-999 ,SUMMARY,SUPPLY,-999,,CA-DWR,2010,DAU09019,DAU09019,49,http://wade.sdsc.edu
-999 ,SUMMARY,USE,-999,,CA-DWR,2010,DAU34613,DAU34613,49,http://wade.sdsc.edu
-999 ,SUMMARY,SUPPLY,-999,,CA-DWR,2010,DAU30836,DAU30836,49,http://wade.sdsc.edu
-999 ,SUMMARY,USE,-999,,CA-DWR,2010,DAU06343,DAU06343,49,http://wade.sdsc.edu
,SUMMARY,USE,,,CA-DWR,2010,202,South Bay,49,http://wade.sdsc.edu
-999 ,SUMMARY,USE,-999,,CA-DWR,2010,DAU25116,DAU25116,49,http://wade.sdsc.edu
-999 ,SUMMARY,SUPPLY,-999,,CA-DWR,2010,DAU17209,DAU17209,49,http://wade.sdsc.edu
-999 ,SUMMARY,USE,-999,,CA-DWR,2010,DAU04028,DAU04028,49,http://wade.sdsc.edu
-999 ,SUMMARY,USE,-999,,CA-DWR,2010,DAU32136,DAU32136,49,http://wade.sdsc.edu
-999 ,SUMMARY,USE,-999,,CA-DWR,2010,DAU13752,DAU13752,49,http://wade.sdsc.edu
-999 ,SUMMARY,SUPPLY,-999,,CA-DWR,2010,DAU09636,DAU09636,49,http://wade.sdsc.edu
-999 ,SUMMARY,USE,-999,,CA-DWR,2010,DAU02523,DAU02523,49,http://wade.sdsc.edu
-999 ,SUMMARY,SUPPLY,-999,,CA-DWR,2010,DAU10433,DAU10433,49,http://wade.sdsc.edu
-999 ,SUMMARY,SUPPLY,-999,,CA-DWR,2010,DAU21610,DAU21610,49,http://wade.sdsc.edu
-999 ,SUMMARY,USE,-999,,CA-DWR,2010,DAU31936,DAU31936,49,http://wade.sdsc.edu
-999 ,SUMMARY,USE,-999,,CA-DWR,2010,DAU14752,DAU14752,49,http://wade.sdsc.edu
-999 ,SUMMARY,USE,-999,,CA-DWR,2010,DAU03012,DAU03012,49,http://wade.sdsc.edu
-999 ,SUMMARY,SUPPLY,-999,,CA-DWR,2010,DAU33936,DAU33936,49,http://wade.sdsc.edu
-999 ,SUMMARY,SUPPLY,-999,,CA-DWR,2010,DAU15432,DAU15432,49,http://wade.sdsc.edu
-999 ,SUMMARY,SUPPLY,-999,,CA-DWR,2010,DAU08319,DAU08319,49,http://wade.sdsc.edu
-999 ,SUMMARY,SUPPLY,-999,,CA-DWR,2010,DAU03549,DAU03549,49,http://wade.sdsc.edu
,SUMMARY,USE,,,CA-DWR,2010,704,Fresno - Academy,49,http://wade.sdsc.edu
-999 ,SUMMARY,USE,-999,,CA-DWR,2010,DAU05527,DAU05527,49,http://wade.sdsc.edu
-999 ,SUMMARY,USE,-999,,CA-DWR,2010,DAU18539,DAU18539,49,http://wade.sdsc.edu
-999 ,SUMMARY,SUPPLY,-999,,CA-DWR,2010,DAU40123,DAU40123,49,http://wade.sdsc.edu
-999 ,SUMMARY,USE,-999,,CA-DWR,2010,DAU32836,DAU32836,49,http://wade.sdsc.edu
-999 ,SUMMARY,USE,-999,,CA-DWR,2010,DAU24410,DAU24410,49,http://wade.sdsc.edu
-999 ,SUMMARY,SUPPLY,-999,,CA-DWR,2010,DAU13645,DAU13645,49,http://wade.sdsc.edu
-999 ,SUMMARY,SUPPLY,-999,,CA-DWR,2010,DAU13745,DAU13745,49,http://wade.sdsc.edu
-999 ,SUMMARY,SUPPLY,-999,,CA-DWR,2010,DAU20224,DAU20224,49,http://wade.sdsc.edu
-999 ,SUMMARY,SUPPLY,-999,,CA-DWR,2010,DAU16311,DAU16311,49,http://wade.sdsc.edu
-999 ,SUMMARY,USE,-999,,CA-DWR,2010,DAU35733,DAU35733,49,http://wade.sdsc.edu
,SUMMARY,USE,,,CA-DWR,2010,603,Eastern Valley Floor,49,http://wade.sdsc.edu
-999 ,SUMMARY,SUPPLY,-999,,CA-DWR,2010,DAU40223,DAU40223,49,http://wade.sdsc.edu
-999 ,SUMMARY,USE,-999,,CA-DWR,2010,DAU34336,DAU34336,49,http://wade.sdsc.edu
-999 ,SUMMARY,USE,-999,,CA-DWR,2010,DAU13218,DAU13218,49,http://wade.sdsc.edu
-999 ,SUMMARY,USE,-999,,CA-DWR,2010,DAU22035,DAU22035,49,http://wade.sdsc.edu
-999 ,SUMMARY,USE,-999,,CA-DWR,2010,DAU35313,DAU35313,49,http://wade.sdsc.edu
-999 ,SUMMARY,SUPPLY,-999,,CA-DWR,2010,DAU06335,DAU06335,49,http://wade.sdsc.edu
-999 ,SUMMARY,SUPPLY,-999,,CA-DWR,2010,DAU02312,DAU02312,49,http://wade.sdsc.edu
-999 ,SUMMARY,SUPPLY,-999,,CA-DWR,2010,DAU26318,DAU26318,49,http://wade.sdsc.edu
-999 ,SUMMARY,USE,-999,,CA-DWR,2010,DAU27914,DAU27914,49,http://wade.sdsc.edu
-999 ,SUMMARY,SUPPLY,-999,,CA-DWR,2010,DAU28836,DAU28836,49,http://wade.sdsc.edu
-999 ,SUMMARY,SUPPLY,-999,,CA-DWR,2010,DAU35037,DAU35037,49,http://wade.sdsc.edu
-999 ,SUMMARY,USE,-999,,CA-DWR,2010,DAU03649,DAU03649,49,http://wade.sdsc.edu
-999 ,SUMMARY,USE,-999,,CA-DWR,2010,DAU22110,DAU22110,49,http://wade.sdsc.edu
-999 ,SUMMARY,USE,-999,,CA-DWR,2010,DAU04244,DAU04244,49,http://wade.sdsc.edu
-999 ,SUMMARY,USE,-999,,CA-DWR,2010,DAU23215,DAU23215,49,http://wade.sdsc.edu
-999 ,SUMMARY,SUPPLY,-999,,CA-DWR,2010,DAU23616,DAU23616,49,http://wade.sdsc.edu
-999 ,SUMMARY,SUPPLY,-999,,CA-DWR,2010,DAU24510,DAU24510,49,http://wade.sdsc.edu
-999 ,SUMMARY,USE,-999,,CA-DWR,2010,DAU01008,DAU01008,49,http://wade.sdsc.edu
-999 ,SUMMARY,SUPPLY,-999,,CA-DWR,2010,DAU16306,DAU16306,49,http://wade.sdsc.edu
-999 ,SUMMARY,USE,-999,,CA-DWR,2010,DAU34813,DAU34813,49,http://wade.sdsc.edu
-999 ,SUMMARY,USE,-999,,CA-DWR,2010,DAU29914,DAU29914,49,http://wade.sdsc.edu
-999 ,SUMMARY,USE,-999,,CA-DWR,2010,DAU30114,DAU30114,49,http://wade.sdsc.edu
-999 ,SUMMARY,USE,-999,,CA-DWR,2010,DAU16551,DAU16551,49,http://wade.sdsc.edu
-999 ,SUMMARY,SUPPLY,-999,,CA-DWR,2010,DAU13952,DAU13952,49,http://wade.sdsc.edu
-999 ,SUMMARY,SUPPLY,-999,,CA-DWR,2010,DAU02723,DAU02723,49,http://wade.sdsc.edu
-999 ,SUMMARY,USE,-999,,CA-DWR,2010,DAU27026,DAU27026,49,http://wade.sdsc.edu
-999 ,SUMMARY,SUPPLY,-999,,CA-DWR,2010,DAU30736,DAU30736,49,http://wade.sdsc.edu
-999 ,SUMMARY,SUPPLY,-999,,CA-DWR,2010,DAU21750,DAU21750,49,http://wade.sdsc.edu
-999 ,SUMMARY,SUPPLY,-999,,CA-DWR,2010,DAU24835,DAU24835,49,http://wade.sdsc.edu
-999 ,SUMMARY,SUPPLY,-999,,CA-DWR,2010,DAU28126,DAU28126,49,http://wade.sdsc.edu
-999 ,SUMMARY,USE,-999,,CA-DWR,2010,DAU18103,DAU18103,49,http://wade.sdsc.edu
-999 ,SUMMARY,USE,-999,,CA-DWR,2010,DAU22715,DAU22715,49,http://wade.sdsc.edu
-999 ,SUMMARY,SUPPLY,-999,,CA-DWR,2010,DAU05127,DAU05127,49,http://wade.sdsc.edu
-999 ,SUMMARY,SUPPLY,-999,,CA-DWR,2010,DAU25010,DAU25010,49,http://wade.sdsc.edu
-999 ,SUMMARY,USE,-999,,CA-DWR,2010,DAU33136,DAU33136,49,http://wade.sdsc.edu
-999 ,SUMMARY,USE,-999,,CA-DWR,2010,DAU04341,DAU04341,49,http://wade.sdsc.edu
-999 ,SUMMARY,USE,-999,,CA-DWR,2010,DAU31636,DAU31636,49,http://wade.sdsc.edu
-999 ,SUMMARY,SUPPLY,-999,,CA-DWR,2010,DAU04148,DAU04148,49,http://wade.sdsc.edu
-999 ,SUMMARY,USE,-999,,CA-DWR,2010,DAU22915,DAU22915,49,http://wade.sdsc.edu
-999 ,SUMMARY,SUPPLY,-999,,CA-DWR,2010,DAU17334,DAU17334,49,http://wade.sdsc.edu
-999 ,SUMMARY,SUPPLY,-999,,CA-DWR,2010,DAU31136,DAU31136,49,http://wade.sdsc.edu
-999 ,SUMMARY,USE,-999,,CA-DWR,2010,DAU23510,DAU23510,49,http://wade.sdsc.edu
-999 ,SUMMARY,SUPPLY,-999,,CA-DWR,2010,DAU13906,DAU13906,49,http://wade.sdsc.edu
-999 ,SUMMARY,SUPPLY,-999,,CA-DWR,2010,DAU14545,DAU14545,49,http://wade.sdsc.edu
-999 ,SUMMARY,USE,-999,,CA-DWR,2010,DAU14211,DAU14211,49,http://wade.sdsc.edu
-999 ,SUMMARY,SUPPLY,-999,,CA-DWR,2010,DAU16457,DAU16457,49,http://wade.sdsc.edu
-999 ,SUMMARY,USE,-999,,CA-DWR,2010,DAU05827,DAU05827,49,http://wade.sdsc.edu
-999 ,SUMMARY,SUPPLY,-999,,CA-DWR,2010,DAU14452,DAU14452,49,http://wade.sdsc.edu
-999 ,SUMMARY,SUPPLY,-999,,CA-DWR,2010,DAU25215,DAU25215,49,http://wade.sdsc.edu
-999 ,SUMMARY,USE,-999,,CA-DWR,2010,DAU22254,DAU22254,49,http://wade.sdsc.edu
-999 ,SUMMARY,SUPPLY,-999,,CA-DWR,2010,DAU10033,DAU10033,49,http://wade.sdsc.edu
-999 ,SUMMARY,SUPPLY,-999,,CA-DWR,2010,DAU18648,DAU18648,49,http://wade.sdsc.edu
-999 ,SUMMARY,USE,-999,,CA-DWR,2010,DAU05835,DAU05835,49,http://wade.sdsc.edu
-999 ,SUMMARY,USE,-999,,CA-DWR,2010,DAU28014,DAU28014,49,http://wade.sdsc.edu
-999 ,SUMMARY,SUPPLY,-999,,CA-DWR,2010,DAU28714,DAU28714,49,http://wade.sdsc.edu
-999 ,SUMMARY,USE,-999,,CA-DWR,2010,DAU16804,DAU16804,49,http://wade.sdsc.edu
-999 ,SUMMARY,SUPPLY,-999,,CA-DWR,2010,DAU30436,DAU30436,49,http://wade.sdsc.edu
-999 ,SUMMARY,USE,-999,,CA-DWR,2010,DAU35413,DAU35413,49,http://wade.sdsc.edu
,SUMMARY,USE,,,CA-DWR,2010,709,Kern Valley Floor,49,http://wade.sdsc.edu
-999 ,SUMMARY,SUPPLY,-999,,CA-DWR,2010,DAU07442,DAU07442,49,http://wade.sdsc.edu
-999 ,SUMMARY,SUPPLY,-999,,CA-DWR,2010,DAU06640,DAU06640,49,http://wade.sdsc.edu
-999 ,SUMMARY,USE,-999,,CA-DWR,2010,DAU26831,DAU26831,49,http://wade.sdsc.edu
-999 ,SUMMARY,SUPPLY,-999,,CA-DWR,2010,DAU21924,DAU21924,49,http://wade.sdsc.edu
-999 ,SUMMARY,USE,-999,,CA-DWR,2010,DAU21122,DAU21122,49,http://wade.sdsc.edu
-999 ,SUMMARY,USE,-999,,CA-DWR,2010,DAU00247,DAU00247,49,http://wade.sdsc.edu
-999 ,SUMMARY,USE,-999,,CA-DWR,2010,DAU27426,DAU27426,49,http://wade.sdsc.edu
-999 ,SUMMARY,USE,-999,,CA-DWR,2010,DAU21224,DAU21224,49,http://wade.sdsc.edu
-999 ,SUMMARY,SUPPLY,-999,,CA-DWR,2010,DAU25615,DAU25615,49,http://wade.sdsc.edu
-999 ,SUMMARY,SUPPLY,-999,,CA-DWR,2010,DAU32236,DAU32236,49,http://wade.sdsc.edu
-999 ,SUMMARY,SUPPLY,-999,,CA-DWR,2010,DAU32336,DAU32336,49,http://wade.sdsc.edu
-999 ,SUMMARY,USE,-999,,CA-DWR,2010,DAU06041,DAU06041,49,http://wade.sdsc.edu
-999 ,SUMMARY,SUPPLY,-999,,CA-DWR,2010,DAU30615,DAU30615,49,http://wade.sdsc.edu
-999 ,SUMMARY,USE,-999,,CA-DWR,2010,DAU06243,DAU06243,49,http://wade.sdsc.edu
-999 ,SUMMARY,SUPPLY,-999,,CA-DWR,2010,DAU06940,DAU06940,49,http://wade.sdsc.edu
-999 ,SUMMARY,USE,-999,,CA-DWR,2010,DAU17258,DAU17258,49,http://wade.sdsc.edu
-999 ,SUMMARY,SUPPLY,-999,,CA-DWR,2010,DAU13911,DAU13911,49,http://wade.sdsc.edu
-999 ,SUMMARY,SUPPLY,-999,,CA-DWR,2010,DAU32636,DAU32636,49,http://wade.sdsc.edu
-999 ,SUMMARY,USE,-999,,CA-DWR,2010,DAU29214,DAU29214,49,http://wade.sdsc.edu
-999 ,SUMMARY,SUPPLY,-999,,CA-DWR,2010,DAU16131,DAU16131,49,http://wade.sdsc.edu
,SUMMARY,USE,,,CA-DWR,2010,503,Lower Northwest Valley,49,http://wade.sdsc.edu
-999 ,SUMMARY,USE,-999,,CA-DWR,2010,DAU20122,DAU20122,49,http://wade.sdsc.edu
-999 ,SUMMARY,SUPPLY,-999,,CA-DWR,2010,DAU29736,DAU29736,49,http://wade.sdsc.edu
-999 ,SUMMARY,USE,-999,,CA-DWR,2010,DAU15658,DAU15658,49,http://wade.sdsc.edu
-999 ,SUMMARY,USE,-999,,CA-DWR,2010,DAU15802,DAU15802,49,http://wade.sdsc.edu
,SUMMARY,USE,,,CA-DWR,2010,708,Semitropic - Buena Vista,49,http://wade.sdsc.edu
-999 ,SUMMARY,USE,-999,,CA-DWR,2010,DAU30736,DAU30736,49,http://wade.sdsc.edu
-999 ,SUMMARY,SUPPLY,-999,,CA-DWR,2010,DAU27026,DAU27026,49,http://wade.sdsc.edu
-999 ,SUMMARY,USE,-999,,CA-DWR,2010,DAU02723,DAU02723,49,http://wade.sdsc.edu
-999 ,SUMMARY,USE,-999,,CA-DWR,2010,DAU13952,DAU13952,49,http://wade.sdsc.edu
-999 ,SUMMARY,SUPPLY,-999,,CA-DWR,2010,DAU16551,DAU16551,49,http://wade.sdsc.edu
-999 ,SUMMARY,SUPPLY,-999,,CA-DWR,2010,DAU29914,DAU29914,49,http://wade.sdsc.edu
-999 ,SUMMARY,SUPPLY,-999,,CA-DWR,2010,DAU30114,DAU30114,49,http://wade.sdsc.edu
-999 ,SUMMARY,SUPPLY,-999,,CA-DWR,2010,DAU34813,DAU34813,49,http://wade.sdsc.edu
-999 ,SUMMARY,USE,-999,,CA-DWR,2010,DAU16306,DAU16306,49,http://wade.sdsc.edu
-999 ,SUMMARY,SUPPLY,-999,,CA-DWR,2010,DAU01008,DAU01008,49,http://wade.sdsc.edu
-999 ,SUMMARY,USE,-999,,CA-DWR,2010,DAU24510,DAU24510,49,http://wade.sdsc.edu
-999 ,SUMMARY,USE,-999,,CA-DWR,2010,DAU23616,DAU23616,49,http://wade.sdsc.edu
-999 ,SUMMARY,SUPPLY,-999,,CA-DWR,2010,DAU23215,DAU23215,49,http://wade.sdsc.edu
-999 ,SUMMARY,SUPPLY,-999,,CA-DWR,2010,DAU04244,DAU04244,49,http://wade.sdsc.edu
-999 ,SUMMARY,SUPPLY,-999,,CA-DWR,2010,DAU22110,DAU22110,49,http://wade.sdsc.edu
-999 ,SUMMARY,SUPPLY,-999,,CA-DWR,2010,DAU03649,DAU03649,49,http://wade.sdsc.edu
-999 ,SUMMARY,USE,-999,,CA-DWR,2010,DAU35037,DAU35037,49,http://wade.sdsc.edu
-999 ,SUMMARY,USE,-999,,CA-DWR,2010,DAU28836,DAU28836,49,http://wade.sdsc.edu
-999 ,SUMMARY,SUPPLY,-999,,CA-DWR,2010,DAU27914,DAU27914,49,http://wade.sdsc.edu
-999 ,SUMMARY,USE,-999,,CA-DWR,2010,DAU26318,DAU26318,49,http://wade.sdsc.edu
-999 ,SUMMARY,USE,-999,,CA-DWR,2010,DAU02312,DAU02312,49,http://wade.sdsc.edu
-999 ,SUMMARY,USE,-999,,CA-DWR,2010,DAU06335,DAU06335,49,http://wade.sdsc.edu
-999 ,SUMMARY,SUPPLY,-999,,CA-DWR,2010,DAU35313,DAU35313,49,http://wade.sdsc.edu
-999 ,SUMMARY,SUPPLY,-999,,CA-DWR,2010,DAU22035,DAU22035,49,http://wade.sdsc.edu
-999 ,SUMMARY,SUPPLY,-999,,CA-DWR,2010,DAU13218,DAU13218,49,http://wade.sdsc.edu
,SUMMARY,USE,,,CA-DWR,2010,601,Upper West Side Uplands,49,http://wade.sdsc.edu
-999 ,SUMMARY,SUPPLY,-999,,CA-DWR,2010,DAU34336,DAU34336,49,http://wade.sdsc.edu
-999 ,SUMMARY,USE,-999,,CA-DWR,2010,DAU40223,DAU40223,49,http://wade.sdsc.edu
-999 ,SUMMARY,SUPPLY,-999,,CA-DWR,2010,DAU35733,DAU35733,49,http://wade.sdsc.edu
-999 ,SUMMARY,USE,-999,,CA-DWR,2010,DAU16311,DAU16311,49,http://wade.sdsc.edu
-999 ,SUMMARY,USE,-999,,CA-DWR,2010,DAU20224,DAU20224,49,http://wade.sdsc.edu
-999 ,SUMMARY,USE,-999,,CA-DWR,2010,DAU13745,DAU13745,49,http://wade.sdsc.edu
-999 ,SUMMARY,USE,-999,,CA-DWR,2010,DAU13645,DAU13645,49,http://wade.sdsc.edu
-999 ,SUMMARY,SUPPLY,-999,,CA-DWR,2010,DAU24410,DAU24410,49,http://wade.sdsc.edu
-999 ,SUMMARY,SUPPLY,-999,,CA-DWR,2010,DAU32836,DAU32836,49,http://wade.sdsc.edu
-999 ,SUMMARY,USE,-999,,CA-DWR,2010,DAU40123,DAU40123,49,http://wade.sdsc.edu
-999 ,SUMMARY,SUPPLY,-999,,CA-DWR,2010,DAU18539,DAU18539,49,http://wade.sdsc.edu
-999 ,SUMMARY,SUPPLY,-999,,CA-DWR,2010,DAU05527,DAU05527,49,http://wade.sdsc.edu
-999 ,SUMMARY,USE,-999,,CA-DWR,2010,DAU03549,DAU03549,49,http://wade.sdsc.edu
-999 ,SUMMARY,USE,-999,,CA-DWR,2010,DAU08319,DAU08319,49,http://wade.sdsc.edu
-999 ,SUMMARY,USE,-999,,CA-DWR,2010,DAU15432,DAU15432,49,http://wade.sdsc.edu
-999 ,SUMMARY,USE,-999,,CA-DWR,2010,DAU33936,DAU33936,49,http://wade.sdsc.edu
-999 ,SUMMARY,SUPPLY,-999,,CA-DWR,2010,DAU03012,DAU03012,49,http://wade.sdsc.edu
-999 ,SUMMARY,SUPPLY,-999,,CA-DWR,2010,DAU14752,DAU14752,49,http://wade.sdsc.edu
-999 ,SUMMARY,SUPPLY,-999,,CA-DWR,2010,DAU31936,DAU31936,49,http://wade.sdsc.edu
-999 ,SUMMARY,USE,-999,,CA-DWR,2010,DAU21610,DAU21610,49,http://wade.sdsc.edu
-999 ,SUMMARY,USE,-999,,CA-DWR,2010,DAU10433,DAU10433,49,http://wade.sdsc.edu
-999 ,SUMMARY,SUPPLY,-999,,CA-DWR,2010,DAU02523,DAU02523,49,http://wade.sdsc.edu
-999 ,SUMMARY,USE,-999,,CA-DWR,2010,DAU09636,DAU09636,49,http://wade.sdsc.edu
,SUMMARY,USE,,,CA-DWR,2010,501,Shasta - Pit,49,http://wade.sdsc.edu
-999 ,SUMMARY,SUPPLY,-999,,CA-DWR,2010,DAU13752,DAU13752,49,http://wade.sdsc.edu
-999 ,SUMMARY,SUPPLY,-999,,CA-DWR,2010,DAU32136,DAU32136,49,http://wade.sdsc.edu
-999 ,SUMMARY,SUPPLY,-999,,CA-DWR,2010,DAU04028,DAU04028,49,http://wade.sdsc.edu
,SUMMARY,USE,,,CA-DWR,2010,7,Tulare Lake,49,http://wade.sdsc.edu
-999 ,SUMMARY,USE,-999,,CA-DWR,2010,DAU17209,DAU17209,49,http://wade.sdsc.edu
-999 ,SUMMARY,SUPPLY,-999,,CA-DWR,2010,DAU25116,DAU25116,49,http://wade.sdsc.edu
-999 ,SUMMARY,SUPPLY,-999,,CA-DWR,2010,DAU06343,DAU06343,49,http://wade.sdsc.edu
,SUMMARY,USE,,,CA-DWR,2010,702,San Luis West Side,49,http://wade.sdsc.edu
-999 ,SUMMARY,USE,-999,,CA-DWR,2010,DAU30836,DAU30836,49,http://wade.sdsc.edu
-999 ,SUMMARY,SUPPLY,-999,,CA-DWR,2010,DAU15658,DAU15658,49,http://wade.sdsc.edu
-999 ,SUMMARY,SUPPLY,-999,,CA-DWR,2010,DAU15802,DAU15802,49,http://wade.sdsc.edu
-999 ,SUMMARY,USE,-999,,CA-DWR,2010,DAU29736,DAU29736,49,http://wade.sdsc.edu
-999 ,SUMMARY,SUPPLY,-999,,CA-DWR,2010,DAU20122,DAU20122,49,http://wade.sdsc.edu
-999 ,SUMMARY,USE,-999,,CA-DWR,2010,DAU16131,DAU16131,49,http://wade.sdsc.edu
-999 ,SUMMARY,SUPPLY,-999,,CA-DWR,2010,DAU29214,DAU29214,49,http://wade.sdsc.edu
-999 ,SUMMARY,USE,-999,,CA-DWR,2010,DAU32636,DAU32636,49,http://wade.sdsc.edu
-999 ,SUMMARY,USE,-999,,CA-DWR,2010,DAU13911,DAU13911,49,http://wade.sdsc.edu
-999 ,SUMMARY,SUPPLY,-999,,CA-DWR,2010,DAU17258,DAU17258,49,http://wade.sdsc.edu
-999 ,SUMMARY,USE,-999,,CA-DWR,2010,DAU06940,DAU06940,49,http://wade.sdsc.edu
-999 ,SUMMARY,SUPPLY,-999,,CA-DWR,2010,DAU06243,DAU06243,49,http://wade.sdsc.edu
-999 ,SUMMARY,USE,-999,,CA-DWR,2010,DAU30615,DAU30615,49,http://wade.sdsc.edu
-999 ,SUMMARY,SUPPLY,-999,,CA-DWR,2010,DAU06041,DAU06041,49,http://wade.sdsc.edu
-999 ,SUMMARY,USE,-999,,CA-DWR,2010,DAU32336,DAU32336,49,http://wade.sdsc.edu
-999 ,SUMMARY,USE,-999,,CA-DWR,2010,DAU32236,DAU32236,49,http://wade.sdsc.edu
-999 ,SUMMARY,USE,-999,,CA-DWR,2010,DAU25615,DAU25615,49,http://wade.sdsc.edu
-999 ,SUMMARY,SUPPLY,-999,,CA-DWR,2010,DAU21224,DAU21224,49,http://wade.sdsc.edu
-999 ,SUMMARY,SUPPLY,-999,,CA-DWR,2010,DAU00247,DAU00247,49,http://wade.sdsc.edu
-999 ,SUMMARY,SUPPLY,-999,,CA-DWR,2010,DAU27426,DAU27426,49,http://wade.sdsc.edu
-999 ,SUMMARY,SUPPLY,-999,,CA-DWR,2010,DAU21122,DAU21122,49,http://wade.sdsc.edu
-999 ,SUMMARY,USE,-999,,CA-DWR,2010,DAU21924,DAU21924,49,http://wade.sdsc.edu
-999 ,SUMMARY,SUPPLY,-999,,CA-DWR,2010,DAU26831,DAU26831,49,http://wade.sdsc.edu
-999 ,SUMMARY,USE,-999,,CA-DWR,2010,DAU06640,DAU06640,49,http://wade.sdsc.edu
,SUMMARY,USE,,,CA-DWR,2010,103,Coastal,49,http://wade.sdsc.edu
-999 ,SUMMARY,USE,-999,,CA-DWR,2010,DAU07442,DAU07442,49,http://wade.sdsc.edu
-999 ,SUMMARY,SUPPLY,-999,,CA-DWR,2010,DAU35413,DAU35413,49,http://wade.sdsc.edu
-999 ,SUMMARY,USE,-999,,CA-DWR,2010,DAU30436,DAU30436,49,http://wade.sdsc.edu
-999 ,SUMMARY,SUPPLY,-999,,CA-DWR,2010,DAU16804,DAU16804,49,http://wade.sdsc.edu
-999 ,SUMMARY,USE,-999,,CA-DWR,2010,DAU28714,DAU28714,49,http://wade.sdsc.edu
-999 ,SUMMARY,SUPPLY,-999,,CA-DWR,2010,DAU28014,DAU28014,49,http://wade.sdsc.edu
,SUMMARY,USE,,,CA-DWR,2010,10,Colorado River,49,http://wade.sdsc.edu
-999 ,SUMMARY,SUPPLY,-999,,CA-DWR,2010,DAU05835,DAU05835,49,http://wade.sdsc.edu
-999 ,SUMMARY,USE,-999,,CA-DWR,2010,DAU18648,DAU18648,49,http://wade.sdsc.edu
-999 ,SUMMARY,USE,-999,,CA-DWR,2010,DAU10033,DAU10033,49,http://wade.sdsc.edu
-999 ,SUMMARY,SUPPLY,-999,,CA-DWR,2010,DAU22254,DAU22254,49,http://wade.sdsc.edu
-999 ,SUMMARY,USE,-999,,CA-DWR,2010,DAU25215,DAU25215,49,http://wade.sdsc.edu
-999 ,SUMMARY,USE,-999,,CA-DWR,2010,DAU14452,DAU14452,49,http://wade.sdsc.edu
-999 ,SUMMARY,SUPPLY,-999,,CA-DWR,2010,DAU05827,DAU05827,49,http://wade.sdsc.edu
-999 ,SUMMARY,USE,-999,,CA-DWR,2010,DAU16457,DAU16457,49,http://wade.sdsc.edu
-999 ,SUMMARY,SUPPLY,-999,,CA-DWR,2010,DAU14211,DAU14211,49,http://wade.sdsc.edu
-999 ,SUMMARY,USE,-999,,CA-DWR,2010,DAU14545,DAU14545,49,http://wade.sdsc.edu
-999 ,SUMMARY,USE,-999,,CA-DWR,2010,DAU13906,DAU13906,49,http://wade.sdsc.edu
-999 ,SUMMARY,SUPPLY,-999,,CA-DWR,2010,DAU23510,DAU23510,49,http://wade.sdsc.edu
-999 ,SUMMARY,USE,-999,,CA-DWR,2010,DAU31136,DAU31136,49,http://wade.sdsc.edu
-999 ,SUMMARY,USE,-999,,CA-DWR,2010,DAU17334,DAU17334,49,http://wade.sdsc.edu
-999 ,SUMMARY,SUPPLY,-999,,CA-DWR,2010,DAU22915,DAU22915,49,http://wade.sdsc.edu
-999 ,SUMMARY,USE,-999,,CA-DWR,2010,DAU04148,DAU04148,49,http://wade.sdsc.edu
-999 ,SUMMARY,SUPPLY,-999,,CA-DWR,2010,DAU31636,DAU31636,49,http://wade.sdsc.edu
-999 ,SUMMARY,SUPPLY,-999,,CA-DWR,2010,DAU04341,DAU04341,49,http://wade.sdsc.edu
-999 ,SUMMARY,SUPPLY,-999,,CA-DWR,2010,DAU33136,DAU33136,49,http://wade.sdsc.edu
-999 ,SUMMARY,USE,-999,,CA-DWR,2010,DAU25010,DAU25010,49,http://wade.sdsc.edu
-999 ,SUMMARY,USE,-999,,CA-DWR,2010,DAU05127,DAU05127,49,http://wade.sdsc.edu
-999 ,SUMMARY,SUPPLY,-999,,CA-DWR,2010,DAU18103,DAU18103,49,http://wade.sdsc.edu
-999 ,SUMMARY,SUPPLY,-999,,CA-DWR,2010,DAU22715,DAU22715,49,http://wade.sdsc.edu
-999 ,SUMMARY,USE,-999,,CA-DWR,2010,DAU28126,DAU28126,49,http://wade.sdsc.edu
-999 ,SUMMARY,USE,-999,,CA-DWR,2010,DAU24835,DAU24835,49,http://wade.sdsc.edu
,SUMMARY,USE,,,CA-DWR,2010,201,North Bay,49,http://wade.sdsc.edu
-999 ,SUMMARY,USE,-999,,CA-DWR,2010,DAU21750,DAU21750,49,http://wade.sdsc.edu
,SUMMARY,USE,,,CA-DWR,2010,104,Russian River,49,http://wade.sdsc.edu
,SUMMARY,USE,,,CA-DWR,2010,302,Southern,49,http://wade.sdsc.edu
-999 ,SUMMARY,USE,-999,,CA-DWR,2010,DAU05327,DAU05327,49,http://wade.sdsc.edu
-999 ,SUMMARY,USE,-999,,CA-DWR,2010,DAU34513,DAU34513,49,http://wade.sdsc.edu
-999 ,SUMMARY,SUPPLY,-999,,CA-DWR,2010,DAU25715,DAU25715,49,http://wade.sdsc.edu
-999 ,SUMMARY,USE,-999,,CA-DWR,2010,DAU06540,DAU06540,49,http://wade.sdsc.edu
-999 ,SUMMARY,USE,-999,,CA-DWR,2010,DAU20222,DAU20222,49,http://wade.sdsc.edu
-999 ,SUMMARY,SUPPLY,-999,,CA-DWR,2010,DAU24935,DAU24935,49,http://wade.sdsc.edu
,SUMMARY,USE,,,CA-DWR,2010,5,Sacramento River,49,http://wade.sdsc.edu
-999 ,SUMMARY,USE,-999,,CA-DWR,2010,DAU21850,DAU21850,49,http://wade.sdsc.edu
-999 ,SUMMARY,SUPPLY,-999,,CA-DWR,2010,DAU32936,DAU32936,49,http://wade.sdsc.edu
-999 ,SUMMARY,USE,-999,,CA-DWR,2010,DAU00753,DAU00753,49,http://wade.sdsc.edu
,SUMMARY,USE,,,CA-DWR,2010,602,San Joaquin Delta,49,http://wade.sdsc.edu
-999 ,SUMMARY,SUPPLY,-999,,CA-DWR,2010,DAU34333,DAU34333,49,http://wade.sdsc.edu
-999 ,SUMMARY,SUPPLY,-999,,CA-DWR,2010,DAU23716,DAU23716,49,http://wade.sdsc.edu
-999 ,SUMMARY,SUPPLY,-999,,CA-DWR,2010,DAU15829,DAU15829,49,http://wade.sdsc.edu
-999 ,SUMMARY,SUPPLY,-999,,CA-DWR,2010,DAU34836,DAU34836,49,http://wade.sdsc.edu
-999 ,SUMMARY,SUPPLY,-999,,CA-DWR,2010,DAU14404,DAU14404,49,http://wade.sdsc.edu
-999 ,SUMMARY,SUPPLY,-999,,CA-DWR,2010,DAU09236,DAU09236,49,http://wade.sdsc.edu
-999 ,SUMMARY,USE,-999,,CA-DWR,2010,DAU04827,DAU04827,49,http://wade.sdsc.edu
-999 ,SUMMARY,USE,-999,,CA-DWR,2010,DAU03749,DAU03749,49,http://wade.sdsc.edu
-999 ,SUMMARY,SUPPLY,-999,,CA-DWR,2010,DAU10430,DAU10430,49,http://wade.sdsc.edu
-999 ,SUMMARY,USE,-999,,CA-DWR,2010,DAU04443,DAU04443,49,http://wade.sdsc.edu
-999 ,SUMMARY,USE,-999,,CA-DWR,2010,DAU24416,DAU24416,49,http://wade.sdsc.edu
-999 ,SUMMARY,USE,-999,,CA-DWR,2010,DAU17603,DAU17603,49,http://wade.sdsc.edu
-999 ,SUMMARY,SUPPLY,-999,,CA-DWR,2010,DAU25915,DAU25915,49,http://wade.sdsc.edu
-999 ,SUMMARY,USE,-999,,CA-DWR,2010,DAU16029,DAU16029,49,http://wade.sdsc.edu
-999 ,SUMMARY,SUPPLY,-999,,CA-DWR,2010,DAU04607,DAU04607,49,http://wade.sdsc.edu
-999 ,SUMMARY,SUPPLY,-999,,CA-DWR,2010,DAU09833,DAU09833,49,http://wade.sdsc.edu
-999 ,SUMMARY,SUPPLY,-999,,CA-DWR,2010,DAU21024,DAU21024,49,http://wade.sdsc.edu
-999 ,SUMMARY,SUPPLY,-999,,CA-DWR,2010,DAU19655,DAU19655,49,http://wade.sdsc.edu
-999 ,SUMMARY,SUPPLY,-999,,CA-DWR,2010,DAU23954,DAU23954,49,http://wade.sdsc.edu
-999 ,SUMMARY,USE,-999,,CA-DWR,2010,DAU19824,DAU19824,49,http://wade.sdsc.edu
-999 ,SUMMARY,USE,-999,,CA-DWR,2010,DAU30936,DAU30936,49,http://wade.sdsc.edu
,SUMMARY,USE,,,CA-DWR,2010,703,Lower Kings-Tulare,49,http://wade.sdsc.edu
-999 ,SUMMARY,SUPPLY,-999,,CA-DWR,2010,DAU08142,DAU08142,49,http://wade.sdsc.edu
-999 ,SUMMARY,SUPPLY,-999,,CA-DWR,2010,DAU34233,DAU34233,49,http://wade.sdsc.edu
-999 ,SUMMARY,USE,-999,,CA-DWR,2010,DAU19201,DAU19201,49,http://wade.sdsc.edu
-999 ,SUMMARY,SUPPLY,-999,,CA-DWR,2010,DAU18034,DAU18034,49,http://wade.sdsc.edu
-999 ,SUMMARY,USE,-999,,CA-DWR,2010,DAU17151,DAU17151,49,http://wade.sdsc.edu
-999 ,SUMMARY,USE,-999,,CA-DWR,2010,DAU20320,DAU20320,49,http://wade.sdsc.edu
-999 ,SUMMARY,SUPPLY,-999,,CA-DWR,2010,DAU20850,DAU20850,49,http://wade.sdsc.edu
-999 ,SUMMARY,USE,-999,,CA-DWR,2010,DAU20924,DAU20924,49,http://wade.sdsc.edu
-999 ,SUMMARY,USE,-999,,CA-DWR,2010,DAU22554,DAU22554,49,http://wade.sdsc.edu
-999 ,SUMMARY,SUPPLY,-999,,CA-DWR,2010,DAU28536,DAU28536,49,http://wade.sdsc.edu
-999 ,SUMMARY,USE,-999,,CA-DWR,2010,DAU16611,DAU16611,49,http://wade.sdsc.edu
-999 ,SUMMARY,USE,-999,,CA-DWR,2010,DAU16711,DAU16711,49,http://wade.sdsc.edu
-999 ,SUMMARY,USE,-999,,CA-DWR,2010,DAU07040,DAU07040,49,http://wade.sdsc.edu
-999 ,SUMMARY,SUPPLY,-999,,CA-DWR,2010,DAU05727,DAU05727,49,http://wade.sdsc.edu
-999 ,SUMMARY,SUPPLY,-999,,CA-DWR,2010,DAU17605,DAU17605,49,http://wade.sdsc.edu
-999 ,SUMMARY,USE,-999,,CA-DWR,2010,DAU33733,DAU33733,49,http://wade.sdsc.edu
-999 ,SUMMARY,SUPPLY,-999,,CA-DWR,2010,DAU28114,DAU28114,49,http://wade.sdsc.edu
-999 ,SUMMARY,USE,-999,,CA-DWR,2010,DAU28514,DAU28514,49,http://wade.sdsc.edu
-999 ,SUMMARY,USE,-999,,CA-DWR,2010,DAU16411,DAU16411,49,http://wade.sdsc.edu
-999 ,SUMMARY,SUPPLY,-999,,CA-DWR,2010,DAU27002,DAU27002,49,http://wade.sdsc.edu
-999 ,SUMMARY,USE,-999,,CA-DWR,2010,DAU33333,DAU33333,49,http://wade.sdsc.edu
-999 ,SUMMARY,USE,-999,,CA-DWR,2010,DAU17528,DAU17528,49,http://wade.sdsc.edu
-999 ,SUMMARY,SUPPLY,-999,,CA-DWR,2010,DAU35333,DAU35333,49,http://wade.sdsc.edu
,SUMMARY,USE,,,CA-DWR,2010,802,Alpine,49,http://wade.sdsc.edu
-999 ,SUMMARY,USE,-999,,CA-DWR,2010,DAU24515,DAU24515,49,http://wade.sdsc.edu
-999 ,SUMMARY,USE,-999,,CA-DWR,2010,DAU20420,DAU20420,49,http://wade.sdsc.edu
-999 ,SUMMARY,SUPPLY,-999,,CA-DWR,2010,DAU30015,DAU30015,49,http://wade.sdsc.edu
-999 ,SUMMARY,USE,-999,,CA-DWR,2010,DAU19405,DAU19405,49,http://wade.sdsc.edu
-999 ,SUMMARY,SUPPLY,-999,,CA-DWR,2010,DAU28314,DAU28314,49,http://wade.sdsc.edu
-999 ,SUMMARY,SUPPLY,-999,,CA-DWR,2010,DAU20750,DAU20750,49,http://wade.sdsc.edu
-999 ,SUMMARY,SUPPLY,-999,,CA-DWR,2010,DAU34613,DAU34613,49,http://wade.sdsc.edu
-999 ,SUMMARY,USE,-999,,CA-DWR,2010,DAU09019,DAU09019,49,http://wade.sdsc.edu
-999 ,SUMMARY,USE,-999,,CA-DWR,2010,DAU26015,DAU26015,49,http://wade.sdsc.edu
-999 ,SUMMARY,SUPPLY,-999,,CA-DWR,2010,DAU15831,DAU15831,49,http://wade.sdsc.edu
-999 ,SUMMARY,USE,-999,,CA-DWR,2010,DAU30214,DAU30214,49,http://wade.sdsc.edu
-999 ,SUMMARY,SUPPLY,-999,,CA-DWR,2010,DAU01047,DAU01047,49,http://wade.sdsc.edu
-999 ,SUMMARY,SUPPLY,-999,,CA-DWR,2010,DAU12037,DAU12037,49,http://wade.sdsc.edu
-999 ,SUMMARY,SUPPLY,-999,,CA-DWR,2010,DAU30336,DAU30336,49,http://wade.sdsc.edu
-999 ,SUMMARY,USE,-999,,CA-DWR,2010,DAU14252,DAU14252,49,http://wade.sdsc.edu
,SUMMARY,USE,,,CA-DWR,2010,505,Southwest,49,http://wade.sdsc.edu
-999 ,SUMMARY,SUPPLY,-999,,CA-DWR,2010,DAU21950,DAU21950,49,http://wade.sdsc.edu
-999 ,SUMMARY,USE,-999,,CA-DWR,2010,DAU20539,DAU20539,49,http://wade.sdsc.edu
-999 ,SUMMARY,USE,-999,,CA-DWR,2010,DAU07556,DAU07556,49,http://wade.sdsc.edu
-999 ,SUMMARY,SUPPLY,-999,,CA-DWR,2010,DAU01923,DAU01923,49,http://wade.sdsc.edu
-999 ,SUMMARY,SUPPLY,-999,,CA-DWR,2010,DAU05627,DAU05627,49,http://wade.sdsc.edu
-999 ,SUMMARY,USE,-999,,CA-DWR,2010,DAU16451,DAU16451,49,http://wade.sdsc.edu
-999 ,SUMMARY,USE,-999,,CA-DWR,2010,DAU31436,DAU31436,49,http://wade.sdsc.edu
-999 ,SUMMARY,USE,-999,,CA-DWR,2010,DAU03212,DAU03212,49,http://wade.sdsc.edu
-999 ,SUMMARY,SUPPLY,-999,,CA-DWR,2010,DAU30519,DAU30519,49,http://wade.sdsc.edu
-999 ,SUMMARY,USE,-999,,CA-DWR,2010,DAU20410,DAU20410,49,http://wade.sdsc.edu
,SUMMARY,USE,,,CA-DWR,2010,2,San Francisco Bay,49,http://wade.sdsc.edu
-999 ,SUMMARY,SUPPLY,-999,,CA-DWR,2010,DAU22010,DAU22010,49,http://wade.sdsc.edu
-999 ,SUMMARY,USE,-999,,CA-DWR,2010,DAU09630,DAU09630,49,http://wade.sdsc.edu
-999 ,SUMMARY,SUPPLY,-999,,CA-DWR,2010,DAU15834,DAU15834,49,http://wade.sdsc.edu
-999 ,SUMMARY,SUPPLY,-999,,CA-DWR,2010,DAU34036,DAU34036,49,http://wade.sdsc.edu
-999 ,SUMMARY,USE,-999,,CA-DWR,2010,DAU23610,DAU23610,49,http://wade.sdsc.edu
-999 ,SUMMARY,SUPPLY,-999,,CA-DWR,2010,DAU06044,DAU06044,49,http://wade.sdsc.edu
-999 ,SUMMARY,SUPPLY,-999,,CA-DWR,2010,DAU21320,DAU21320,49,http://wade.sdsc.edu
-999 ,SUMMARY,SUPPLY,-999,,CA-DWR,2010,DAU32736,DAU32736,49,http://wade.sdsc.edu
-999 ,SUMMARY,SUPPLY,-999,,CA-DWR,2010,DAU20650,DAU20650,49,http://wade.sdsc.edu
-999 ,SUMMARY,USE,-999,,CA-DWR,2010,DAU19605,DAU19605,49,http://wade.sdsc.edu
-999 ,SUMMARY,USE,-999,,CA-DWR,2010,DAU02512,DAU02512,49,http://wade.sdsc.edu
-999 ,SUMMARY,USE,-999,,CA-DWR,2010,DAU30415,DAU30415,49,http://wade.sdsc.edu
-999 ,SUMMARY,USE,-999,,CA-DWR,2010,DAU26225,DAU26225,49,http://wade.sdsc.edu
-999 ,SUMMARY,USE,-999,,CA-DWR,2010,DAU13418,DAU13418,49,http://wade.sdsc.edu
-999 ,SUMMARY,USE,-999,,CA-DWR,2010,DAU22210,DAU22210,49,http://wade.sdsc.edu
-999 ,SUMMARY,USE,-999,,CA-DWR,2010,DAU18507,DAU18507,49,http://wade.sdsc.edu
-999 ,SUMMARY,SUPPLY,-999,,CA-DWR,2010,DAU28814,DAU28814,49,http://wade.sdsc.edu
-999 ,SUMMARY,USE,-999,,CA-DWR,2010,DAU15632,DAU15632,49,http://wade.sdsc.edu
,SUMMARY,USE,,,CA-DWR,2010,801,Lassen,49,http://wade.sdsc.edu
-999 ,SUMMARY,SUPPLY,-999,,CA-DWR,2010,DAU24810,DAU24810,49,http://wade.sdsc.edu
-999 ,SUMMARY,SUPPLY,-999,,CA-DWR,2010,DAU32733,DAU32733,49,http://wade.sdsc.edu
-999 ,SUMMARY,USE,-999,,CA-DWR,2010,DAU35513,DAU35513,49,http://wade.sdsc.edu
-999 ,SUMMARY,SUPPLY,-999,,CA-DWR,2010,DAU25256,DAU25256,49,http://wade.sdsc.edu
-999 ,SUMMARY,USE,-999,,CA-DWR,2010,DAU14345,DAU14345,49,http://wade.sdsc.edu
-999 ,SUMMARY,SUPPLY,-999,,CA-DWR,2010,DAU04501,DAU04501,49,http://wade.sdsc.edu
-999 ,SUMMARY,USE,-999,,CA-DWR,2010,DAU40523,DAU40523,49,http://wade.sdsc.edu
-999 ,SUMMARY,SUPPLY,-999,,CA-DWR,2010,DAU30819,DAU30819,49,http://wade.sdsc.edu
,SUMMARY,USE,,,CA-DWR,2010,4,South Coast,49,http://wade.sdsc.edu
-999 ,SUMMARY,USE,-999,,CA-DWR,2010,DAU33533,DAU33533,49,http://wade.sdsc.edu
-999 ,SUMMARY,SUPPLY,-999,,CA-DWR,2010,DAU06143,DAU06143,49,http://wade.sdsc.edu
-999 ,SUMMARY,SUPPLY,-999,,CA-DWR,2010,DAU35137,DAU35137,49,http://wade.sdsc.edu
-999 ,SUMMARY,USE,-999,,CA-DWR,2010,DAU34933,DAU34933,49,http://wade.sdsc.edu
-999 ,SUMMARY,USE,-999,,CA-DWR,2010,DAU24516,DAU24516,49,http://wade.sdsc.edu
-999 ,SUMMARY,USE,-999,,CA-DWR,2010,DAU39149,DAU39149,49,http://wade.sdsc.edu
-999 ,SUMMARY,USE,-999,,CA-DWR,2010,DAU21635,DAU21635,49,http://wade.sdsc.edu
-999 ,SUMMARY,USE,-999,,CA-DWR,2010,DAU25110,DAU25110,49,http://wade.sdsc.edu
-999 ,SUMMARY,USE,-999,,CA-DWR,2010,DAU24354,DAU24354,49,http://wade.sdsc.edu
-999 ,SUMMARY,SUPPLY,-999,,CA-DWR,2010,DAU26829,DAU26829,49,http://wade.sdsc.edu
-999 ,SUMMARY,SUPPLY,-999,,CA-DWR,2010,DAU07642,DAU07642,49,http://wade.sdsc.edu
-999 ,SUMMARY,USE,-999,,CA-DWR,2010,DAU35213,DAU35213,49,http://wade.sdsc.edu
-999 ,SUMMARY,USE,-999,,CA-DWR,2010,DAU34433,DAU34433,49,http://wade.sdsc.edu
-999 ,SUMMARY,SUPPLY,-999,,CA-DWR,2010,DAU04927,DAU04927,49,http://wade.sdsc.edu
-999 ,SUMMARY,SUPPLY,-999,,CA-DWR,2010,DAU40549,DAU40549,49,http://wade.sdsc.edu
-999 ,SUMMARY,USE,-999,,CA-DWR,2010,DAU22354,DAU22354,49,http://wade.sdsc.edu
-999 ,SUMMARY,SUPPLY,-999,,CA-DWR,2010,DAU23654,DAU23654,49,http://wade.sdsc.edu
-999 ,SUMMARY,SUPPLY,-999,,CA-DWR,2010,DAU24154,DAU24154,49,http://wade.sdsc.edu
-999 ,SUMMARY,USE,-999,,CA-DWR,2010,DAU00125,DAU00125,49,http://wade.sdsc.edu
-999 ,SUMMARY,SUPPLY,-999,,CA-DWR,2010,DAU15446,DAU15446,49,http://wade.sdsc.edu
-999 ,SUMMARY,SUPPLY,-999,,CA-DWR,2010,DAU13447,DAU13447,49,http://wade.sdsc.edu
