DataCategory,DataType,Organization,OrganizationIdentifier,ReportIdentifier,ReportUnitIdentifier,ReportUnitName,State,WaDEURLAddress
SUMMARY,REGULATORY,,CODWR,2010,1,South Platte - South Platte - Greeley to Balzac,42,http://www.westernstateswater.org/Colorado
SUMMARY,REGULATORY,,CODWR,2010,10,Arkansas - Fountain Creek,42,http://www.westernstateswater.org/Colorado
SUMMARY,REGULATORY,,CODWR,2010,11,Arkansas - Arkansas - Headwaters to Salida,42,http://www.westernstateswater.org/Colorado
SUMMARY,REGULATORY,,CODWR,2010,12,Arkansas - Arkansas - Salida to Portland,42,http://www.westernstateswater.org/Colorado
SUMMARY,REGULATORY,,CODWR,2010,13,Arkansas - Wet Mountain Valley,42,http://www.westernstateswater.org/Colorado
SUMMARY,REGULATORY,,CODWR,2010,14,Arkansas - Arkansas - Portland to Fowler,42,http://www.westernstateswater.org/Colorado
SUMMARY,REGULATORY,,CODWR,2010,15,Arkansas - Saint Charles,42,http://www.westernstateswater.org/Colorado
SUMMARY,REGULATORY,,CODWR,2010,16,Arkansas - Cucharas River,42,http://www.westernstateswater.org/Colorado
SUMMARY,REGULATORY,,CODWR,2010,17,Arkansas - Arkansas - Fowler to Las Animas,42,http://www.westernstateswater.org/Colorado
SUMMARY,REGULATORY,,CODWR,2010,18,Arkansas - Apishapa River,42,http://www.westernstateswater.org/Colorado
SUMMARY,REGULATORY,,CODWR,2010,19,Arkansas - Purgatoire River,42,http://www.westernstateswater.org/Colorado
SUMMARY,REGULATORY,,CODWR,2010,2,South Platte - South Platte - Denver Gage to Greeley,42,http://www.westernstateswater.org/Colorado
SUMMARY,REGULATORY,,CODWR,2010,20,Rio Grande - Rio Grande,42,http://www.westernstateswater.org/Colorado
SUMMARY,REGULATORY,,CODWR,2010,21,Rio Grande - Alamosa La Jara,42,http://www.westernstateswater.org/Colorado
SUMMARY,REGULATORY,,CODWR,2010,22,Rio Grande - Conejos River,42,http://www.westernstateswater.org/Colorado
SUMMARY,REGULATORY,,CODWR,2010,23,South Platte - Upper South Platte,42,http://www.westernstateswater.org/Colorado
SUMMARY,REGULATORY,,CODWR,2010,24,Rio Grande - Culebra Creek,42,http://www.westernstateswater.org/Colorado
SUMMARY,REGULATORY,,CODWR,2010,25,Rio Grande - San Luis Creek,42,http://www.westernstateswater.org/Colorado
SUMMARY,REGULATORY,,CODWR,2010,26,Rio Grande - Saguache Creek,42,http://www.westernstateswater.org/Colorado
SUMMARY,REGULATORY,,CODWR,2010,27,Rio Grande - Canero Creek,42,http://www.westernstateswater.org/Colorado
SUMMARY,REGULATORY,,CODWR,2010,28,Gunnison - Tomichi Creek,42,http://www.westernstateswater.org/Colorado
SUMMARY,REGULATORY,,CODWR,2010,29,San Juan/Dolores - San Juan River,42,http://www.westernstateswater.org/Colorado
SUMMARY,REGULATORY,,CODWR,2010,3,South Platte - Cache La Poudre River,42,http://www.westernstateswater.org/Colorado
SUMMARY,REGULATORY,,CODWR,2010,30,San Juan/Dolores - Animas/Florida Rivers,42,http://www.westernstateswater.org/Colorado
SUMMARY,REGULATORY,,CODWR,2010,31,San Juan/Dolores - Los Pinos/Pine Rivers,42,http://www.westernstateswater.org/Colorado
SUMMARY,REGULATORY,,CODWR,2010,32,San Juan/Dolores - McElmo Creek,42,http://www.westernstateswater.org/Colorado
SUMMARY,REGULATORY,,CODWR,2010,33,San Juan/Dolores - La Plata River,42,http://www.westernstateswater.org/Colorado
SUMMARY,REGULATORY,,CODWR,2010,34,San Juan/Dolores - Mancos River,42,http://www.westernstateswater.org/Colorado
SUMMARY,REGULATORY,,CODWR,2010,35,Rio Grande - Trinchera Creek,42,http://www.westernstateswater.org/Colorado
SUMMARY,REGULATORY,,CODWR,2010,36,Colorado - Blue River,42,http://www.westernstateswater.org/Colorado
SUMMARY,REGULATORY,,CODWR,2010,37,Colorado - Eagle River,42,http://www.westernstateswater.org/Colorado
SUMMARY,REGULATORY,,CODWR,2010,38,Colorado - Roaring Fork River,42,http://www.westernstateswater.org/Colorado
SUMMARY,REGULATORY,,CODWR,2010,39,Colorado - Rifle/Elk/Parachute Creek,42,http://www.westernstateswater.org/Colorado
SUMMARY,REGULATORY,,CODWR,2010,4,South Platte - Big Thompson River,42,http://www.westernstateswater.org/Colorado
SUMMARY,REGULATORY,,CODWR,2010,40,Gunnison - North Fork Tribs,42,http://www.westernstateswater.org/Colorado
SUMMARY,REGULATORY,,CODWR,2010,41,Gunnison - Lower Uncompahgre River,42,http://www.westernstateswater.org/Colorado
SUMMARY,REGULATORY,,CODWR,2010,42,Gunnison - Lower Gunnison River,42,http://www.westernstateswater.org/Colorado
SUMMARY,REGULATORY,,CODWR,2010,43,Yampa - White River,42,http://www.westernstateswater.org/Colorado
SUMMARY,REGULATORY,,CODWR,2010,44,Yampa - Lower Yampa River,42,http://www.westernstateswater.org/Colorado
SUMMARY,REGULATORY,,CODWR,2010,45,Colorado - Divide Creek,42,http://www.westernstateswater.org/Colorado
SUMMARY,REGULATORY,,CODWR,2010,46,San Juan/Dolores - Navajo Reservoir/Sambrito Creek,42,http://www.westernstateswater.org/Colorado
SUMMARY,REGULATORY,,CODWR,2010,47,Yampa - North Platte River,42,http://www.westernstateswater.org/Colorado
SUMMARY,REGULATORY,,CODWR,2010,48,South Platte - Laramie River,42,http://www.westernstateswater.org/Colorado
SUMMARY,REGULATORY,,CODWR,2010,49,South Platte - Republican River,42,http://www.westernstateswater.org/Colorado
SUMMARY,REGULATORY,,CODWR,2010,5,South Platte - St. Vrain Creek,42,http://www.westernstateswater.org/Colorado
SUMMARY,REGULATORY,,CODWR,2010,50,Colorado - Muddy/Troublesome Creeks,42,http://www.westernstateswater.org/Colorado
SUMMARY,REGULATORY,,CODWR,2010,51,Colorado - Upper Colorado/Fraser Rivers,42,http://www.westernstateswater.org/Colorado
SUMMARY,REGULATORY,,CODWR,2010,52,Colorado - Piney/Cottonweed Creeks,42,http://www.westernstateswater.org/Colorado
SUMMARY,REGULATORY,,CODWR,2010,53,Colorado - Tribs North of Colorado River,42,http://www.westernstateswater.org/Colorado
SUMMARY,REGULATORY,,CODWR,2010,54,Yampa - Slater/Timberlake Creeks,42,http://www.westernstateswater.org/Colorado
SUMMARY,REGULATORY,,CODWR,2010,55,Yampa - Little Snake River,42,http://www.westernstateswater.org/Colorado
SUMMARY,REGULATORY,,CODWR,2010,56,Yampa - Green River,42,http://www.westernstateswater.org/Colorado
SUMMARY,REGULATORY,,CODWR,2010,57,Yampa - Middle Yampa River,42,http://www.westernstateswater.org/Colorado
SUMMARY,REGULATORY,,CODWR,2010,58,Yampa - Upper Yampa River,42,http://www.westernstateswater.org/Colorado
SUMMARY,REGULATORY,,CODWR,2010,59,Gunnison - East River,42,http://www.westernstateswater.org/Colorado
SUMMARY,REGULATORY,,CODWR,2010,6,South Platte - Boulder Creek,42,http://www.westernstateswater.org/Colorado
SUMMARY,REGULATORY,,CODWR,2010,60,Gunnison - San Miguel River,42,http://www.westernstateswater.org/Colorado
SUMMARY,REGULATORY,,CODWR,2010,61,Gunnison - Paradox Creek,42,http://www.westernstateswater.org/Colorado
SUMMARY,REGULATORY,,CODWR,2010,62,Gunnison - Upper Gunnison River,42,http://www.westernstateswater.org/Colorado
SUMMARY,REGULATORY,,CODWR,2010,63,Gunnison - Dolores River,42,http://www.westernstateswater.org/Colorado
SUMMARY,REGULATORY,,CODWR,2010,64,South Platte - South Platte - Balzac to Stateline,42,http://www.westernstateswater.org/Colorado
SUMMARY,REGULATORY,,CODWR,2010,66,Arkansas - Cimarron River,42,http://www.westernstateswater.org/Colorado
SUMMARY,REGULATORY,,CODWR,2010,67,Arkansas - Arkansas - Las Animas to Stateline,42,http://www.westernstateswater.org/Colorado
SUMMARY,REGULATORY,,CODWR,2010,68,Gunnison - Upper Uncompahgre River,42,http://www.westernstateswater.org/Colorado
SUMMARY,REGULATORY,,CODWR,2010,69,San Juan/Dolores - Disappointment Creek,42,http://www.westernstateswater.org/Colorado
SUMMARY,REGULATORY,,CODWR,2010,7,South Platte - Clear Creek,42,http://www.westernstateswater.org/Colorado
SUMMARY,REGULATORY,,CODWR,2010,70,Colorado - Roan Creek,42,http://www.westernstateswater.org/Colorado
SUMMARY,REGULATORY,,CODWR,2010,71,San Juan/Dolores - Dolores River,42,http://www.westernstateswater.org/Colorado
SUMMARY,REGULATORY,,CODWR,2010,72,Colorado - Lower Colorado River,42,http://www.westernstateswater.org/Colorado
SUMMARY,REGULATORY,,CODWR,2010,73,Gunnison - Little Dolores River,42,http://www.westernstateswater.org/Colorado
SUMMARY,REGULATORY,,CODWR,2010,76,South Platte - Sand Creek,42,http://www.westernstateswater.org/Colorado
SUMMARY,REGULATORY,,CODWR,2010,77,San Juan/Dolores - Navajo River,42,http://www.westernstateswater.org/Colorado
SUMMARY,REGULATORY,,CODWR,2010,78,San Juan/Dolores - Piedra River,42,http://www.westernstateswater.org/Colorado
SUMMARY,REGULATORY,,CODWR,2010,79,Arkansas - Huerfano River,42,http://www.westernstateswater.org/Colorado
SUMMARY,REGULATORY,,CODWR,2010,8,South Platte - South Platte - Cheesman to Denver Gage,42,http://www.westernstateswater.org/Colorado
SUMMARY,REGULATORY,,CODWR,2010,80,South Platte - North Fork of South Platte,42,http://www.westernstateswater.org/Colorado
DETAIL,DIVERSION,,CODWR,2010,1,South Platte - South Platte - Greeley to Balzac,42,http://www.westernstateswater.org/Colorado
DETAIL,DIVERSION,,CODWR,2010,10,Arkansas - Fountain Creek,42,http://www.westernstateswater.org/Colorado
DETAIL,DIVERSION,,CODWR,2010,11,Arkansas - Arkansas - Headwaters to Salida,42,http://www.westernstateswater.org/Colorado
DETAIL,DIVERSION,,CODWR,2010,12,Arkansas - Arkansas - Salida to Portland,42,http://www.westernstateswater.org/Colorado
DETAIL,DIVERSION,,CODWR,2010,13,Arkansas - Wet Mountain Valley,42,http://www.westernstateswater.org/Colorado
DETAIL,DIVERSION,,CODWR,2010,14,Arkansas - Arkansas - Portland to Fowler,42,http://www.westernstateswater.org/Colorado
DETAIL,DIVERSION,,CODWR,2010,15,Arkansas - Saint Charles,42,http://www.westernstateswater.org/Colorado
DETAIL,DIVERSION,,CODWR,2010,16,Arkansas - Cucharas River,42,http://www.westernstateswater.org/Colorado
DETAIL,DIVERSION,,CODWR,2010,17,Arkansas - Arkansas - Fowler to Las Animas,42,http://www.westernstateswater.org/Colorado
DETAIL,DIVERSION,,CODWR,2010,18,Arkansas - Apishapa River,42,http://www.westernstateswater.org/Colorado
DETAIL,DIVERSION,,CODWR,2010,19,Arkansas - Purgatoire River,42,http://www.westernstateswater.org/Colorado
DETAIL,DIVERSION,,CODWR,2010,2,South Platte - South Platte - Denver Gage to Greeley,42,http://www.westernstateswater.org/Colorado
DETAIL,DIVERSION,,CODWR,2010,20,Rio Grande - Rio Grande,42,http://www.westernstateswater.org/Colorado
DETAIL,DIVERSION,,CODWR,2010,21,Rio Grande - Alamosa La Jara,42,http://www.westernstateswater.org/Colorado
DETAIL,DIVERSION,,CODWR,2010,22,Rio Grande - Conejos River,42,http://www.westernstateswater.org/Colorado
DETAIL,DIVERSION,,CODWR,2010,23,South Platte - Upper South Platte,42,http://www.westernstateswater.org/Colorado
DETAIL,DIVERSION,,CODWR,2010,24,Rio Grande - Culebra Creek,42,http://www.westernstateswater.org/Colorado
DETAIL,DIVERSION,,CODWR,2010,25,Rio Grande - San Luis Creek,42,http://www.westernstateswater.org/Colorado
DETAIL,DIVERSION,,CODWR,2010,26,Rio Grande - Saguache Creek,42,http://www.westernstateswater.org/Colorado
DETAIL,DIVERSION,,CODWR,2010,27,Rio Grande - Canero Creek,42,http://www.westernstateswater.org/Colorado
DETAIL,DIVERSION,,CODWR,2010,28,Gunnison - Tomichi Creek,42,http://www.westernstateswater.org/Colorado
DETAIL,DIVERSION,,CODWR,2010,29,San Juan/Dolores - San Juan River,42,http://www.westernstateswater.org/Colorado
DETAIL,DIVERSION,,CODWR,2010,3,South Platte - Cache La Poudre River,42,http://www.westernstateswater.org/Colorado
DETAIL,DIVERSION,,CODWR,2010,30,San Juan/Dolores - Animas/Florida Rivers,42,http://www.westernstateswater.org/Colorado
DETAIL,DIVERSION,,CODWR,2010,31,San Juan/Dolores - Los Pinos/Pine Rivers,42,http://www.westernstateswater.org/Colorado
DETAIL,DIVERSION,,CODWR,2010,32,San Juan/Dolores - McElmo Creek,42,http://www.westernstateswater.org/Colorado
DETAIL,DIVERSION,,CODWR,2010,33,San Juan/Dolores - La Plata River,42,http://www.westernstateswater.org/Colorado
DETAIL,DIVERSION,,CODWR,2010,34,San Juan/Dolores - Mancos River,42,http://www.westernstateswater.org/Colorado
DETAIL,DIVERSION,,CODWR,2010,35,Rio Grande - Trinchera Creek,42,http://www.westernstateswater.org/Colorado
DETAIL,DIVERSION,,CODWR,2010,36,Colorado - Blue River,42,http://www.westernstateswater.org/Colorado
DETAIL,DIVERSION,,CODWR,2010,37,Colorado - Eagle River,42,http://www.westernstateswater.org/Colorado
DETAIL,DIVERSION,,CODWR,2010,38,Colorado - Roaring Fork River,42,http://www.westernstateswater.org/Colorado
DETAIL,DIVERSION,,CODWR,2010,39,Colorado - Rifle/Elk/Parachute Creek,42,http://www.westernstateswater.org/Colorado
DETAIL,DIVERSION,,CODWR,2010,4,South Platte - Big Thompson River,42,http://www.westernstateswater.org/Colorado
DETAIL,DIVERSION,,CODWR,2010,40,Gunnison - North Fork Tribs,42,http://www.westernstateswater.org/Colorado
DETAIL,DIVERSION,,CODWR,2010,41,Gunnison - Lower Uncompahgre River,42,http://www.westernstateswater.org/Colorado
DETAIL,DIVERSION,,CODWR,2010,42,Gunnison - Lower Gunnison River,42,http://www.westernstateswater.org/Colorado
DETAIL,DIVERSION,,CODWR,2010,43,Yampa - White River,42,http://www.westernstateswater.org/Colorado
DETAIL,DIVERSION,,CODWR,2010,44,Yampa - Lower Yampa River,42,http://www.westernstateswater.org/Colorado
DETAIL,DIVERSION,,CODWR,2010,45,Colorado - Divide Creek,42,http://www.westernstateswater.org/Colorado
DETAIL,DIVERSION,,CODWR,2010,46,San Juan/Dolores - Navajo Reservoir/Sambrito Creek,42,http://www.westernstateswater.org/Colorado
DETAIL,DIVERSION,,CODWR,2010,47,Yampa - North Platte River,42,http://www.westernstateswater.org/Colorado
DETAIL,DIVERSION,,CODWR,2010,48,South Platte - Laramie River,42,http://www.westernstateswater.org/Colorado
DETAIL,DIVERSION,,CODWR,2010,49,South Platte - Republican River,42,http://www.westernstateswater.org/Colorado
DETAIL,DIVERSION,,CODWR,2010,5,South Platte - St. Vrain Creek,42,http://www.westernstateswater.org/Colorado
DETAIL,DIVERSION,,CODWR,2010,50,Colorado - Muddy/Troublesome Creeks,42,http://www.westernstateswater.org/Colorado
DETAIL,DIVERSION,,CODWR,2010,51,Colorado - Upper Colorado/Fraser Rivers,42,http://www.westernstateswater.org/Colorado
DETAIL,DIVERSION,,CODWR,2010,52,Colorado - Piney/Cottonweed Creeks,42,http://www.westernstateswater.org/Colorado
DETAIL,DIVERSION,,CODWR,2010,53,Colorado - Tribs North of Colorado River,42,http://www.westernstateswater.org/Colorado
DETAIL,DIVERSION,,CODWR,2010,54,Yampa - Slater/Timberlake Creeks,42,http://www.westernstateswater.org/Colorado
DETAIL,DIVERSION,,CODWR,2010,55,Yampa - Little Snake River,42,http://www.westernstateswater.org/Colorado
DETAIL,DIVERSION,,CODWR,2010,56,Yampa - Green River,42,http://www.westernstateswater.org/Colorado
DETAIL,DIVERSION,,CODWR,2010,57,Yampa - Middle Yampa River,42,http://www.westernstateswater.org/Colorado
DETAIL,DIVERSION,,CODWR,2010,58,Yampa - Upper Yampa River,42,http://www.westernstateswater.org/Colorado
DETAIL,DIVERSION,,CODWR,2010,59,Gunnison - East River,42,http://www.westernstateswater.org/Colorado
DETAIL,DIVERSION,,CODWR,2010,6,South Platte - Boulder Creek,42,http://www.westernstateswater.org/Colorado
DETAIL,DIVERSION,,CODWR,2010,60,Gunnison - San Miguel River,42,http://www.westernstateswater.org/Colorado
DETAIL,DIVERSION,,CODWR,2010,61,Gunnison - Paradox Creek,42,http://www.westernstateswater.org/Colorado
DETAIL,DIVERSION,,CODWR,2010,62,Gunnison - Upper Gunnison River,42,http://www.westernstateswater.org/Colorado
DETAIL,DIVERSION,,CODWR,2010,63,Gunnison - Dolores River,42,http://www.westernstateswater.org/Colorado
DETAIL,DIVERSION,,CODWR,2010,64,South Platte - South Platte - Balzac to Stateline,42,http://www.westernstateswater.org/Colorado
DETAIL,DIVERSION,,CODWR,2010,65,South Platte - Arikaree River,42,http://www.westernstateswater.org/Colorado
DETAIL,DIVERSION,,CODWR,2010,66,Arkansas - Cimarron River,42,http://www.westernstateswater.org/Colorado
DETAIL,DIVERSION,,CODWR,2010,67,Arkansas - Arkansas - Las Animas to Stateline,42,http://www.westernstateswater.org/Colorado
DETAIL,DIVERSION,,CODWR,2010,68,Gunnison - Upper Uncompahgre River,42,http://www.westernstateswater.org/Colorado
DETAIL,DIVERSION,,CODWR,2010,69,San Juan/Dolores - Disappointment Creek,42,http://www.westernstateswater.org/Colorado
DETAIL,DIVERSION,,CODWR,2010,7,South Platte - Clear Creek,42,http://www.westernstateswater.org/Colorado
DETAIL,DIVERSION,,CODWR,2010,70,Colorado - Roan Creek,42,http://www.westernstateswater.org/Colorado
DETAIL,DIVERSION,,CODWR,2010,71,San Juan/Dolores - Dolores River,42,http://www.westernstateswater.org/Colorado
DETAIL,DIVERSION,,CODWR,2010,72,Colorado - Lower Colorado River,42,http://www.westernstateswater.org/Colorado
DETAIL,DIVERSION,,CODWR,2010,73,Gunnison - Little Dolores River,42,http://www.westernstateswater.org/Colorado
DETAIL,DIVERSION,,CODWR,2010,76,South Platte - Sand Creek,42,http://www.westernstateswater.org/Colorado
DETAIL,DIVERSION,,CODWR,2010,77,San Juan/Dolores - Navajo River,42,http://www.westernstateswater.org/Colorado
DETAIL,DIVERSION,,CODWR,2010,78,San Juan/Dolores - Piedra River,42,http://www.westernstateswater.org/Colorado
DETAIL,DIVERSION,,CODWR,2010,79,Arkansas - Huerfano River,42,http://www.westernstateswater.org/Colorado
DETAIL,DIVERSION,,CODWR,2010,8,South Platte - South Platte - Cheesman to Denver Gage,42,http://www.westernstateswater.org/Colorado
DETAIL,DIVERSION,,CODWR,2010,80,South Platte - North Fork of South Platte,42,http://www.westernstateswater.org/Colorado
DETAIL,DIVERSION,,CODWR,2010,9,South Platte - Bear Creek,42,http://www.westernstateswater.org/Colorado
DETAIL,DIVERSION,,CODWR,2011,1,South Platte - South Platte - Greeley to Balzac,42,http://www.westernstateswater.org/Colorado
DETAIL,DIVERSION,,CODWR,2011,10,Arkansas - Fountain Creek,42,http://www.westernstateswater.org/Colorado
DETAIL,DIVERSION,,CODWR,2011,11,Arkansas - Arkansas - Headwaters to Salida,42,http://www.westernstateswater.org/Colorado
DETAIL,DIVERSION,,CODWR,2011,12,Arkansas - Arkansas - Salida to Portland,42,http://www.westernstateswater.org/Colorado
DETAIL,DIVERSION,,CODWR,2011,13,Arkansas - Wet Mountain Valley,42,http://www.westernstateswater.org/Colorado
DETAIL,DIVERSION,,CODWR,2011,14,Arkansas - Arkansas - Portland to Fowler,42,http://www.westernstateswater.org/Colorado
DETAIL,DIVERSION,,CODWR,2011,15,Arkansas - Saint Charles,42,http://www.westernstateswater.org/Colorado
DETAIL,DIVERSION,,CODWR,2011,16,Arkansas - Cucharas River,42,http://www.westernstateswater.org/Colorado
DETAIL,DIVERSION,,CODWR,2011,17,Arkansas - Arkansas - Fowler to Las Animas,42,http://www.westernstateswater.org/Colorado
DETAIL,DIVERSION,,CODWR,2011,18,Arkansas - Apishapa River,42,http://www.westernstateswater.org/Colorado
DETAIL,DIVERSION,,CODWR,2011,19,Arkansas - Purgatoire River,42,http://www.westernstateswater.org/Colorado
DETAIL,DIVERSION,,CODWR,2011,2,South Platte - South Platte - Denver Gage to Greeley,42,http://www.westernstateswater.org/Colorado
DETAIL,DIVERSION,,CODWR,2011,20,Rio Grande - Rio Grande,42,http://www.westernstateswater.org/Colorado
DETAIL,DIVERSION,,CODWR,2011,21,Rio Grande - Alamosa La Jara,42,http://www.westernstateswater.org/Colorado
DETAIL,DIVERSION,,CODWR,2011,22,Rio Grande - Conejos River,42,http://www.westernstateswater.org/Colorado
DETAIL,DIVERSION,,CODWR,2011,23,South Platte - Upper South Platte,42,http://www.westernstateswater.org/Colorado
DETAIL,DIVERSION,,CODWR,2011,24,Rio Grande - Culebra Creek,42,http://www.westernstateswater.org/Colorado
DETAIL,DIVERSION,,CODWR,2011,25,Rio Grande - San Luis Creek,42,http://www.westernstateswater.org/Colorado
DETAIL,DIVERSION,,CODWR,2011,26,Rio Grande - Saguache Creek,42,http://www.westernstateswater.org/Colorado
DETAIL,DIVERSION,,CODWR,2011,27,Rio Grande - Canero Creek,42,http://www.westernstateswater.org/Colorado
DETAIL,DIVERSION,,CODWR,2011,28,Gunnison - Tomichi Creek,42,http://www.westernstateswater.org/Colorado
DETAIL,DIVERSION,,CODWR,2011,29,San Juan/Dolores - San Juan River,42,http://www.westernstateswater.org/Colorado
DETAIL,DIVERSION,,CODWR,2011,3,South Platte - Cache La Poudre River,42,http://www.westernstateswater.org/Colorado
DETAIL,DIVERSION,,CODWR,2011,30,San Juan/Dolores - Animas/Florida Rivers,42,http://www.westernstateswater.org/Colorado
DETAIL,DIVERSION,,CODWR,2011,31,San Juan/Dolores - Los Pinos/Pine Rivers,42,http://www.westernstateswater.org/Colorado
DETAIL,DIVERSION,,CODWR,2011,32,San Juan/Dolores - McElmo Creek,42,http://www.westernstateswater.org/Colorado
DETAIL,DIVERSION,,CODWR,2011,33,San Juan/Dolores - La Plata River,42,http://www.westernstateswater.org/Colorado
DETAIL,DIVERSION,,CODWR,2011,34,San Juan/Dolores - Mancos River,42,http://www.westernstateswater.org/Colorado
DETAIL,DIVERSION,,CODWR,2011,35,Rio Grande - Trinchera Creek,42,http://www.westernstateswater.org/Colorado
DETAIL,DIVERSION,,CODWR,2011,36,Colorado - Blue River,42,http://www.westernstateswater.org/Colorado
DETAIL,DIVERSION,,CODWR,2011,37,Colorado - Eagle River,42,http://www.westernstateswater.org/Colorado
DETAIL,DIVERSION,,CODWR,2011,38,Colorado - Roaring Fork River,42,http://www.westernstateswater.org/Colorado
DETAIL,DIVERSION,,CODWR,2011,39,Colorado - Rifle/Elk/Parachute Creek,42,http://www.westernstateswater.org/Colorado
DETAIL,DIVERSION,,CODWR,2011,4,South Platte - Big Thompson River,42,http://www.westernstateswater.org/Colorado
DETAIL,DIVERSION,,CODWR,2011,40,Gunnison - North Fork Tribs,42,http://www.westernstateswater.org/Colorado
DETAIL,DIVERSION,,CODWR,2011,41,Gunnison - Lower Uncompahgre River,42,http://www.westernstateswater.org/Colorado
DETAIL,DIVERSION,,CODWR,2011,42,Gunnison - Lower Gunnison River,42,http://www.westernstateswater.org/Colorado
DETAIL,DIVERSION,,CODWR,2011,43,Yampa - White River,42,http://www.westernstateswater.org/Colorado
DETAIL,DIVERSION,,CODWR,2011,44,Yampa - Lower Yampa River,42,http://www.westernstateswater.org/Colorado
DETAIL,DIVERSION,,CODWR,2011,45,Colorado - Divide Creek,42,http://www.westernstateswater.org/Colorado
DETAIL,DIVERSION,,CODWR,2011,46,San Juan/Dolores - Navajo Reservoir/Sambrito Creek,42,http://www.westernstateswater.org/Colorado
DETAIL,DIVERSION,,CODWR,2011,47,Yampa - North Platte River,42,http://www.westernstateswater.org/Colorado
DETAIL,DIVERSION,,CODWR,2011,48,South Platte - Laramie River,42,http://www.westernstateswater.org/Colorado
DETAIL,DIVERSION,,CODWR,2011,49,South Platte - Republican River,42,http://www.westernstateswater.org/Colorado
DETAIL,DIVERSION,,CODWR,2011,5,South Platte - St. Vrain Creek,42,http://www.westernstateswater.org/Colorado
DETAIL,DIVERSION,,CODWR,2011,50,Colorado - Muddy/Troublesome Creeks,42,http://www.westernstateswater.org/Colorado
DETAIL,DIVERSION,,CODWR,2011,51,Colorado - Upper Colorado/Fraser Rivers,42,http://www.westernstateswater.org/Colorado
DETAIL,DIVERSION,,CODWR,2011,52,Colorado - Piney/Cottonweed Creeks,42,http://www.westernstateswater.org/Colorado
DETAIL,DIVERSION,,CODWR,2011,53,Colorado - Tribs North of Colorado River,42,http://www.westernstateswater.org/Colorado
DETAIL,DIVERSION,,CODWR,2011,54,Yampa - Slater/Timberlake Creeks,42,http://www.westernstateswater.org/Colorado
DETAIL,DIVERSION,,CODWR,2011,55,Yampa - Little Snake River,42,http://www.westernstateswater.org/Colorado
DETAIL,DIVERSION,,CODWR,2011,56,Yampa - Green River,42,http://www.westernstateswater.org/Colorado
DETAIL,DIVERSION,,CODWR,2011,57,Yampa - Middle Yampa River,42,http://www.westernstateswater.org/Colorado
DETAIL,DIVERSION,,CODWR,2011,58,Yampa - Upper Yampa River,42,http://www.westernstateswater.org/Colorado
DETAIL,DIVERSION,,CODWR,2011,59,Gunnison - East River,42,http://www.westernstateswater.org/Colorado
DETAIL,DIVERSION,,CODWR,2011,6,South Platte - Boulder Creek,42,http://www.westernstateswater.org/Colorado
DETAIL,DIVERSION,,CODWR,2011,60,Gunnison - San Miguel River,42,http://www.westernstateswater.org/Colorado
DETAIL,DIVERSION,,CODWR,2011,61,Gunnison - Paradox Creek,42,http://www.westernstateswater.org/Colorado
DETAIL,DIVERSION,,CODWR,2011,62,Gunnison - Upper Gunnison River,42,http://www.westernstateswater.org/Colorado
DETAIL,DIVERSION,,CODWR,2011,63,Gunnison - Dolores River,42,http://www.westernstateswater.org/Colorado
DETAIL,DIVERSION,,CODWR,2011,64,South Platte - South Platte - Balzac to Stateline,42,http://www.westernstateswater.org/Colorado
DETAIL,DIVERSION,,CODWR,2011,65,South Platte - Arikaree River,42,http://www.westernstateswater.org/Colorado
DETAIL,DIVERSION,,CODWR,2011,67,Arkansas - Arkansas - Las Animas to Stateline,42,http://www.westernstateswater.org/Colorado
DETAIL,DIVERSION,,CODWR,2011,68,Gunnison - Upper Uncompahgre River,42,http://www.westernstateswater.org/Colorado
DETAIL,DIVERSION,,CODWR,2011,69,San Juan/Dolores - Disappointment Creek,42,http://www.westernstateswater.org/Colorado
DETAIL,DIVERSION,,CODWR,2011,7,South Platte - Clear Creek,42,http://www.westernstateswater.org/Colorado
DETAIL,DIVERSION,,CODWR,2011,70,Colorado - Roan Creek,42,http://www.westernstateswater.org/Colorado
DETAIL,DIVERSION,,CODWR,2011,71,San Juan/Dolores - Dolores River,42,http://www.westernstateswater.org/Colorado
DETAIL,DIVERSION,,CODWR,2011,72,Colorado - Lower Colorado River,42,http://www.westernstateswater.org/Colorado
DETAIL,DIVERSION,,CODWR,2011,73,Gunnison - Little Dolores River,42,http://www.westernstateswater.org/Colorado
DETAIL,DIVERSION,,CODWR,2011,76,South Platte - Sand Creek,42,http://www.westernstateswater.org/Colorado
DETAIL,DIVERSION,,CODWR,2011,77,San Juan/Dolores - Navajo River,42,http://www.westernstateswater.org/Colorado
DETAIL,DIVERSION,,CODWR,2011,78,San Juan/Dolores - Piedra River,42,http://www.westernstateswater.org/Colorado
DETAIL,DIVERSION,,CODWR,2011,79,Arkansas - Huerfano River,42,http://www.westernstateswater.org/Colorado
DETAIL,DIVERSION,,CODWR,2011,8,South Platte - South Platte - Cheesman to Denver Gage,42,http://www.westernstateswater.org/Colorado
DETAIL,DIVERSION,,CODWR,2011,80,South Platte - North Fork of South Platte,42,http://www.westernstateswater.org/Colorado
DETAIL,DIVERSION,,CODWR,2011,9,South Platte - Bear Creek,42,http://www.westernstateswater.org/Colorado
DETAIL,DIVERSION,,CODWR,2012,1,South Platte - South Platte - Greeley to Balzac,42,http://www.westernstateswater.org/Colorado
DETAIL,DIVERSION,,CODWR,2012,10,Arkansas - Fountain Creek,42,http://www.westernstateswater.org/Colorado
DETAIL,DIVERSION,,CODWR,2012,11,Arkansas - Arkansas - Headwaters to Salida,42,http://www.westernstateswater.org/Colorado
DETAIL,DIVERSION,,CODWR,2012,12,Arkansas - Arkansas - Salida to Portland,42,http://www.westernstateswater.org/Colorado
DETAIL,DIVERSION,,CODWR,2012,13,Arkansas - Wet Mountain Valley,42,http://www.westernstateswater.org/Colorado
DETAIL,DIVERSION,,CODWR,2012,14,Arkansas - Arkansas - Portland to Fowler,42,http://www.westernstateswater.org/Colorado
DETAIL,DIVERSION,,CODWR,2012,15,Arkansas - Saint Charles,42,http://www.westernstateswater.org/Colorado
DETAIL,DIVERSION,,CODWR,2012,16,Arkansas - Cucharas River,42,http://www.westernstateswater.org/Colorado
DETAIL,DIVERSION,,CODWR,2012,17,Arkansas - Arkansas - Fowler to Las Animas,42,http://www.westernstateswater.org/Colorado
DETAIL,DIVERSION,,CODWR,2012,18,Arkansas - Apishapa River,42,http://www.westernstateswater.org/Colorado
DETAIL,DIVERSION,,CODWR,2012,19,Arkansas - Purgatoire River,42,http://www.westernstateswater.org/Colorado
DETAIL,DIVERSION,,CODWR,2012,2,South Platte - South Platte - Denver Gage to Greeley,42,http://www.westernstateswater.org/Colorado
DETAIL,DIVERSION,,CODWR,2012,20,Rio Grande - Rio Grande,42,http://www.westernstateswater.org/Colorado
DETAIL,DIVERSION,,CODWR,2012,21,Rio Grande - Alamosa La Jara,42,http://www.westernstateswater.org/Colorado
DETAIL,DIVERSION,,CODWR,2012,22,Rio Grande - Conejos River,42,http://www.westernstateswater.org/Colorado
DETAIL,DIVERSION,,CODWR,2012,23,South Platte - Upper South Platte,42,http://www.westernstateswater.org/Colorado
DETAIL,DIVERSION,,CODWR,2012,24,Rio Grande - Culebra Creek,42,http://www.westernstateswater.org/Colorado
DETAIL,DIVERSION,,CODWR,2012,25,Rio Grande - San Luis Creek,42,http://www.westernstateswater.org/Colorado
DETAIL,DIVERSION,,CODWR,2012,26,Rio Grande - Saguache Creek,42,http://www.westernstateswater.org/Colorado
DETAIL,DIVERSION,,CODWR,2012,27,Rio Grande - Canero Creek,42,http://www.westernstateswater.org/Colorado
DETAIL,DIVERSION,,CODWR,2012,28,Gunnison - Tomichi Creek,42,http://www.westernstateswater.org/Colorado
DETAIL,DIVERSION,,CODWR,2012,29,San Juan/Dolores - San Juan River,42,http://www.westernstateswater.org/Colorado
DETAIL,DIVERSION,,CODWR,2012,3,South Platte - Cache La Poudre River,42,http://www.westernstateswater.org/Colorado
DETAIL,DIVERSION,,CODWR,2012,30,San Juan/Dolores - Animas/Florida Rivers,42,http://www.westernstateswater.org/Colorado
DETAIL,DIVERSION,,CODWR,2012,31,San Juan/Dolores - Los Pinos/Pine Rivers,42,http://www.westernstateswater.org/Colorado
DETAIL,DIVERSION,,CODWR,2012,32,San Juan/Dolores - McElmo Creek,42,http://www.westernstateswater.org/Colorado
DETAIL,DIVERSION,,CODWR,2012,33,San Juan/Dolores - La Plata River,42,http://www.westernstateswater.org/Colorado
DETAIL,DIVERSION,,CODWR,2012,34,San Juan/Dolores - Mancos River,42,http://www.westernstateswater.org/Colorado
DETAIL,DIVERSION,,CODWR,2012,35,Rio Grande - Trinchera Creek,42,http://www.westernstateswater.org/Colorado
DETAIL,DIVERSION,,CODWR,2012,36,Colorado - Blue River,42,http://www.westernstateswater.org/Colorado
DETAIL,DIVERSION,,CODWR,2012,37,Colorado - Eagle River,42,http://www.westernstateswater.org/Colorado
DETAIL,DIVERSION,,CODWR,2012,38,Colorado - Roaring Fork River,42,http://www.westernstateswater.org/Colorado
DETAIL,DIVERSION,,CODWR,2012,39,Colorado - Rifle/Elk/Parachute Creek,42,http://www.westernstateswater.org/Colorado
DETAIL,DIVERSION,,CODWR,2012,4,South Platte - Big Thompson River,42,http://www.westernstateswater.org/Colorado
DETAIL,DIVERSION,,CODWR,2012,40,Gunnison - North Fork Tribs,42,http://www.westernstateswater.org/Colorado
DETAIL,DIVERSION,,CODWR,2012,41,Gunnison - Lower Uncompahgre River,42,http://www.westernstateswater.org/Colorado
DETAIL,DIVERSION,,CODWR,2012,42,Gunnison - Lower Gunnison River,42,http://www.westernstateswater.org/Colorado
DETAIL,DIVERSION,,CODWR,2012,43,Yampa - White River,42,http://www.westernstateswater.org/Colorado
DETAIL,DIVERSION,,CODWR,2012,44,Yampa - Lower Yampa River,42,http://www.westernstateswater.org/Colorado
DETAIL,DIVERSION,,CODWR,2012,45,Colorado - Divide Creek,42,http://www.westernstateswater.org/Colorado
DETAIL,DIVERSION,,CODWR,2012,46,San Juan/Dolores - Navajo Reservoir/Sambrito Creek,42,http://www.westernstateswater.org/Colorado
DETAIL,DIVERSION,,CODWR,2012,47,Yampa - North Platte River,42,http://www.westernstateswater.org/Colorado
DETAIL,DIVERSION,,CODWR,2012,48,South Platte - Laramie River,42,http://www.westernstateswater.org/Colorado
DETAIL,DIVERSION,,CODWR,2012,49,South Platte - Republican River,42,http://www.westernstateswater.org/Colorado
DETAIL,DIVERSION,,CODWR,2012,5,South Platte - St. Vrain Creek,42,http://www.westernstateswater.org/Colorado
DETAIL,DIVERSION,,CODWR,2012,50,Colorado - Muddy/Troublesome Creeks,42,http://www.westernstateswater.org/Colorado
DETAIL,DIVERSION,,CODWR,2012,51,Colorado - Upper Colorado/Fraser Rivers,42,http://www.westernstateswater.org/Colorado
DETAIL,DIVERSION,,CODWR,2012,52,Colorado - Piney/Cottonweed Creeks,42,http://www.westernstateswater.org/Colorado
DETAIL,DIVERSION,,CODWR,2012,53,Colorado - Tribs North of Colorado River,42,http://www.westernstateswater.org/Colorado
DETAIL,DIVERSION,,CODWR,2012,54,Yampa - Slater/Timberlake Creeks,42,http://www.westernstateswater.org/Colorado
DETAIL,DIVERSION,,CODWR,2012,55,Yampa - Little Snake River,42,http://www.westernstateswater.org/Colorado
DETAIL,DIVERSION,,CODWR,2012,56,Yampa - Green River,42,http://www.westernstateswater.org/Colorado
DETAIL,DIVERSION,,CODWR,2012,57,Yampa - Middle Yampa River,42,http://www.westernstateswater.org/Colorado
DETAIL,DIVERSION,,CODWR,2012,58,Yampa - Upper Yampa River,42,http://www.westernstateswater.org/Colorado
DETAIL,DIVERSION,,CODWR,2012,59,Gunnison - East River,42,http://www.westernstateswater.org/Colorado
DETAIL,DIVERSION,,CODWR,2012,6,South Platte - Boulder Creek,42,http://www.westernstateswater.org/Colorado
DETAIL,DIVERSION,,CODWR,2012,60,Gunnison - San Miguel River,42,http://www.westernstateswater.org/Colorado
DETAIL,DIVERSION,,CODWR,2012,61,Gunnison - Paradox Creek,42,http://www.westernstateswater.org/Colorado
DETAIL,DIVERSION,,CODWR,2012,62,Gunnison - Upper Gunnison River,42,http://www.westernstateswater.org/Colorado
DETAIL,DIVERSION,,CODWR,2012,63,Gunnison - Dolores River,42,http://www.westernstateswater.org/Colorado
DETAIL,DIVERSION,,CODWR,2012,64,South Platte - South Platte - Balzac to Stateline,42,http://www.westernstateswater.org/Colorado
DETAIL,DIVERSION,,CODWR,2012,65,South Platte - Arikaree River,42,http://www.westernstateswater.org/Colorado
DETAIL,DIVERSION,,CODWR,2012,67,Arkansas - Arkansas - Las Animas to Stateline,42,http://www.westernstateswater.org/Colorado
DETAIL,DIVERSION,,CODWR,2012,68,Gunnison - Upper Uncompahgre River,42,http://www.westernstateswater.org/Colorado
DETAIL,DIVERSION,,CODWR,2012,69,San Juan/Dolores - Disappointment Creek,42,http://www.westernstateswater.org/Colorado
DETAIL,DIVERSION,,CODWR,2012,7,South Platte - Clear Creek,42,http://www.westernstateswater.org/Colorado
DETAIL,DIVERSION,,CODWR,2012,70,Colorado - Roan Creek,42,http://www.westernstateswater.org/Colorado
DETAIL,DIVERSION,,CODWR,2012,71,San Juan/Dolores - Dolores River,42,http://www.westernstateswater.org/Colorado
DETAIL,DIVERSION,,CODWR,2012,72,Colorado - Lower Colorado River,42,http://www.westernstateswater.org/Colorado
DETAIL,DIVERSION,,CODWR,2012,73,Gunnison - Little Dolores River,42,http://www.westernstateswater.org/Colorado
DETAIL,DIVERSION,,CODWR,2012,76,South Platte - Sand Creek,42,http://www.westernstateswater.org/Colorado
DETAIL,DIVERSION,,CODWR,2012,77,San Juan/Dolores - Navajo River,42,http://www.westernstateswater.org/Colorado
DETAIL,DIVERSION,,CODWR,2012,78,San Juan/Dolores - Piedra River,42,http://www.westernstateswater.org/Colorado
DETAIL,DIVERSION,,CODWR,2012,79,Arkansas - Huerfano River,42,http://www.westernstateswater.org/Colorado
DETAIL,DIVERSION,,CODWR,2012,8,South Platte - South Platte - Cheesman to Denver Gage,42,http://www.westernstateswater.org/Colorado
DETAIL,DIVERSION,,CODWR,2012,80,South Platte - North Fork of South Platte,42,http://www.westernstateswater.org/Colorado
DETAIL,DIVERSION,,CODWR,2012,9,South Platte - Bear Creek,42,http://www.westernstateswater.org/Colorado
DETAIL,DIVERSION,,CODWR,2013,1,South Platte - South Platte - Greeley to Balzac,42,http://www.westernstateswater.org/Colorado
DETAIL,DIVERSION,,CODWR,2013,10,Arkansas - Fountain Creek,42,http://www.westernstateswater.org/Colorado
DETAIL,DIVERSION,,CODWR,2013,11,Arkansas - Arkansas - Headwaters to Salida,42,http://www.westernstateswater.org/Colorado
DETAIL,DIVERSION,,CODWR,2013,12,Arkansas - Arkansas - Salida to Portland,42,http://www.westernstateswater.org/Colorado
DETAIL,DIVERSION,,CODWR,2013,13,Arkansas - Wet Mountain Valley,42,http://www.westernstateswater.org/Colorado
DETAIL,DIVERSION,,CODWR,2013,14,Arkansas - Arkansas - Portland to Fowler,42,http://www.westernstateswater.org/Colorado
DETAIL,DIVERSION,,CODWR,2013,15,Arkansas - Saint Charles,42,http://www.westernstateswater.org/Colorado
DETAIL,DIVERSION,,CODWR,2013,16,Arkansas - Cucharas River,42,http://www.westernstateswater.org/Colorado
DETAIL,DIVERSION,,CODWR,2013,17,Arkansas - Arkansas - Fowler to Las Animas,42,http://www.westernstateswater.org/Colorado
DETAIL,DIVERSION,,CODWR,2013,18,Arkansas - Apishapa River,42,http://www.westernstateswater.org/Colorado
DETAIL,DIVERSION,,CODWR,2013,19,Arkansas - Purgatoire River,42,http://www.westernstateswater.org/Colorado
DETAIL,DIVERSION,,CODWR,2013,2,South Platte - South Platte - Denver Gage to Greeley,42,http://www.westernstateswater.org/Colorado
DETAIL,DIVERSION,,CODWR,2013,20,Rio Grande - Rio Grande,42,http://www.westernstateswater.org/Colorado
DETAIL,DIVERSION,,CODWR,2013,21,Rio Grande - Alamosa La Jara,42,http://www.westernstateswater.org/Colorado
DETAIL,DIVERSION,,CODWR,2013,22,Rio Grande - Conejos River,42,http://www.westernstateswater.org/Colorado
DETAIL,DIVERSION,,CODWR,2013,23,South Platte - Upper South Platte,42,http://www.westernstateswater.org/Colorado
DETAIL,DIVERSION,,CODWR,2013,24,Rio Grande - Culebra Creek,42,http://www.westernstateswater.org/Colorado
DETAIL,DIVERSION,,CODWR,2013,25,Rio Grande - San Luis Creek,42,http://www.westernstateswater.org/Colorado
DETAIL,DIVERSION,,CODWR,2013,26,Rio Grande - Saguache Creek,42,http://www.westernstateswater.org/Colorado
DETAIL,DIVERSION,,CODWR,2013,27,Rio Grande - Canero Creek,42,http://www.westernstateswater.org/Colorado
DETAIL,DIVERSION,,CODWR,2013,28,Gunnison - Tomichi Creek,42,http://www.westernstateswater.org/Colorado
DETAIL,DIVERSION,,CODWR,2013,29,San Juan/Dolores - San Juan River,42,http://www.westernstateswater.org/Colorado
DETAIL,DIVERSION,,CODWR,2013,3,South Platte - Cache La Poudre River,42,http://www.westernstateswater.org/Colorado
DETAIL,DIVERSION,,CODWR,2013,30,San Juan/Dolores - Animas/Florida Rivers,42,http://www.westernstateswater.org/Colorado
DETAIL,DIVERSION,,CODWR,2013,31,San Juan/Dolores - Los Pinos/Pine Rivers,42,http://www.westernstateswater.org/Colorado
DETAIL,DIVERSION,,CODWR,2013,32,San Juan/Dolores - McElmo Creek,42,http://www.westernstateswater.org/Colorado
DETAIL,DIVERSION,,CODWR,2013,33,San Juan/Dolores - La Plata River,42,http://www.westernstateswater.org/Colorado
DETAIL,DIVERSION,,CODWR,2013,34,San Juan/Dolores - Mancos River,42,http://www.westernstateswater.org/Colorado
DETAIL,DIVERSION,,CODWR,2013,35,Rio Grande - Trinchera Creek,42,http://www.westernstateswater.org/Colorado
DETAIL,DIVERSION,,CODWR,2013,36,Colorado - Blue River,42,http://www.westernstateswater.org/Colorado
DETAIL,DIVERSION,,CODWR,2013,37,Colorado - Eagle River,42,http://www.westernstateswater.org/Colorado
DETAIL,DIVERSION,,CODWR,2013,38,Colorado - Roaring Fork River,42,http://www.westernstateswater.org/Colorado
DETAIL,DIVERSION,,CODWR,2013,39,Colorado - Rifle/Elk/Parachute Creek,42,http://www.westernstateswater.org/Colorado
DETAIL,DIVERSION,,CODWR,2013,4,South Platte - Big Thompson River,42,http://www.westernstateswater.org/Colorado
DETAIL,DIVERSION,,CODWR,2013,40,Gunnison - North Fork Tribs,42,http://www.westernstateswater.org/Colorado
DETAIL,DIVERSION,,CODWR,2013,41,Gunnison - Lower Uncompahgre River,42,http://www.westernstateswater.org/Colorado
DETAIL,DIVERSION,,CODWR,2013,42,Gunnison - Lower Gunnison River,42,http://www.westernstateswater.org/Colorado
DETAIL,DIVERSION,,CODWR,2013,43,Yampa - White River,42,http://www.westernstateswater.org/Colorado
DETAIL,DIVERSION,,CODWR,2013,44,Yampa - Lower Yampa River,42,http://www.westernstateswater.org/Colorado
DETAIL,DIVERSION,,CODWR,2013,45,Colorado - Divide Creek,42,http://www.westernstateswater.org/Colorado
DETAIL,DIVERSION,,CODWR,2013,46,San Juan/Dolores - Navajo Reservoir/Sambrito Creek,42,http://www.westernstateswater.org/Colorado
DETAIL,DIVERSION,,CODWR,2013,47,Yampa - North Platte River,42,http://www.westernstateswater.org/Colorado
DETAIL,DIVERSION,,CODWR,2013,48,South Platte - Laramie River,42,http://www.westernstateswater.org/Colorado
DETAIL,DIVERSION,,CODWR,2013,49,South Platte - Republican River,42,http://www.westernstateswater.org/Colorado
DETAIL,DIVERSION,,CODWR,2013,5,South Platte - St. Vrain Creek,42,http://www.westernstateswater.org/Colorado
DETAIL,DIVERSION,,CODWR,2013,50,Colorado - Muddy/Troublesome Creeks,42,http://www.westernstateswater.org/Colorado
DETAIL,DIVERSION,,CODWR,2013,51,Colorado - Upper Colorado/Fraser Rivers,42,http://www.westernstateswater.org/Colorado
DETAIL,DIVERSION,,CODWR,2013,52,Colorado - Piney/Cottonweed Creeks,42,http://www.westernstateswater.org/Colorado
DETAIL,DIVERSION,,CODWR,2013,53,Colorado - Tribs North of Colorado River,42,http://www.westernstateswater.org/Colorado
DETAIL,DIVERSION,,CODWR,2013,54,Yampa - Slater/Timberlake Creeks,42,http://www.westernstateswater.org/Colorado
DETAIL,DIVERSION,,CODWR,2013,55,Yampa - Little Snake River,42,http://www.westernstateswater.org/Colorado
DETAIL,DIVERSION,,CODWR,2013,56,Yampa - Green River,42,http://www.westernstateswater.org/Colorado
DETAIL,DIVERSION,,CODWR,2013,57,Yampa - Middle Yampa River,42,http://www.westernstateswater.org/Colorado
DETAIL,DIVERSION,,CODWR,2013,58,Yampa - Upper Yampa River,42,http://www.westernstateswater.org/Colorado
DETAIL,DIVERSION,,CODWR,2013,59,Gunnison - East River,42,http://www.westernstateswater.org/Colorado
DETAIL,DIVERSION,,CODWR,2013,6,South Platte - Boulder Creek,42,http://www.westernstateswater.org/Colorado
DETAIL,DIVERSION,,CODWR,2013,60,Gunnison - San Miguel River,42,http://www.westernstateswater.org/Colorado
DETAIL,DIVERSION,,CODWR,2013,61,Gunnison - Paradox Creek,42,http://www.westernstateswater.org/Colorado
DETAIL,DIVERSION,,CODWR,2013,62,Gunnison - Upper Gunnison River,42,http://www.westernstateswater.org/Colorado
DETAIL,DIVERSION,,CODWR,2013,63,Gunnison - Dolores River,42,http://www.westernstateswater.org/Colorado
DETAIL,DIVERSION,,CODWR,2013,64,South Platte - South Platte - Balzac to Stateline,42,http://www.westernstateswater.org/Colorado
DETAIL,DIVERSION,,CODWR,2013,65,South Platte - Arikaree River,42,http://www.westernstateswater.org/Colorado
DETAIL,DIVERSION,,CODWR,2013,66,Arkansas - Cimarron River,42,http://www.westernstateswater.org/Colorado
DETAIL,DIVERSION,,CODWR,2013,67,Arkansas - Arkansas - Las Animas to Stateline,42,http://www.westernstateswater.org/Colorado
DETAIL,DIVERSION,,CODWR,2013,68,Gunnison - Upper Uncompahgre River,42,http://www.westernstateswater.org/Colorado
DETAIL,DIVERSION,,CODWR,2013,69,San Juan/Dolores - Disappointment Creek,42,http://www.westernstateswater.org/Colorado
DETAIL,DIVERSION,,CODWR,2013,7,South Platte - Clear Creek,42,http://www.westernstateswater.org/Colorado
DETAIL,DIVERSION,,CODWR,2013,70,Colorado - Roan Creek,42,http://www.westernstateswater.org/Colorado
DETAIL,DIVERSION,,CODWR,2013,71,San Juan/Dolores - Dolores River,42,http://www.westernstateswater.org/Colorado
DETAIL,DIVERSION,,CODWR,2013,72,Colorado - Lower Colorado River,42,http://www.westernstateswater.org/Colorado
DETAIL,DIVERSION,,CODWR,2013,73,Gunnison - Little Dolores River,42,http://www.westernstateswater.org/Colorado
DETAIL,DIVERSION,,CODWR,2013,76,South Platte - Sand Creek,42,http://www.westernstateswater.org/Colorado
DETAIL,DIVERSION,,CODWR,2013,77,San Juan/Dolores - Navajo River,42,http://www.westernstateswater.org/Colorado
DETAIL,DIVERSION,,CODWR,2013,78,San Juan/Dolores - Piedra River,42,http://www.westernstateswater.org/Colorado
DETAIL,DIVERSION,,CODWR,2013,79,Arkansas - Huerfano River,42,http://www.westernstateswater.org/Colorado
DETAIL,DIVERSION,,CODWR,2013,8,South Platte - South Platte - Cheesman to Denver Gage,42,http://www.westernstateswater.org/Colorado
DETAIL,DIVERSION,,CODWR,2013,80,South Platte - North Fork of South Platte,42,http://www.westernstateswater.org/Colorado
DETAIL,DIVERSION,,CODWR,2013,9,South Platte - Bear Creek,42,http://www.westernstateswater.org/Colorado
DETAIL,DIVERSION,,CODWR,2014,1,South Platte - South Platte - Greeley to Balzac,42,http://www.westernstateswater.org/Colorado
DETAIL,DIVERSION,,CODWR,2014,10,Arkansas - Fountain Creek,42,http://www.westernstateswater.org/Colorado
DETAIL,DIVERSION,,CODWR,2014,11,Arkansas - Arkansas - Headwaters to Salida,42,http://www.westernstateswater.org/Colorado
DETAIL,DIVERSION,,CODWR,2014,12,Arkansas - Arkansas - Salida to Portland,42,http://www.westernstateswater.org/Colorado
DETAIL,DIVERSION,,CODWR,2014,13,Arkansas - Wet Mountain Valley,42,http://www.westernstateswater.org/Colorado
DETAIL,DIVERSION,,CODWR,2014,14,Arkansas - Arkansas - Portland to Fowler,42,http://www.westernstateswater.org/Colorado
DETAIL,DIVERSION,,CODWR,2014,15,Arkansas - Saint Charles,42,http://www.westernstateswater.org/Colorado
DETAIL,DIVERSION,,CODWR,2014,16,Arkansas - Cucharas River,42,http://www.westernstateswater.org/Colorado
DETAIL,DIVERSION,,CODWR,2014,17,Arkansas - Arkansas - Fowler to Las Animas,42,http://www.westernstateswater.org/Colorado
DETAIL,DIVERSION,,CODWR,2014,18,Arkansas - Apishapa River,42,http://www.westernstateswater.org/Colorado
DETAIL,DIVERSION,,CODWR,2014,19,Arkansas - Purgatoire River,42,http://www.westernstateswater.org/Colorado
DETAIL,DIVERSION,,CODWR,2014,2,South Platte - South Platte - Denver Gage to Greeley,42,http://www.westernstateswater.org/Colorado
DETAIL,DIVERSION,,CODWR,2014,20,Rio Grande - Rio Grande,42,http://www.westernstateswater.org/Colorado
DETAIL,DIVERSION,,CODWR,2014,21,Rio Grande - Alamosa La Jara,42,http://www.westernstateswater.org/Colorado
DETAIL,DIVERSION,,CODWR,2014,22,Rio Grande - Conejos River,42,http://www.westernstateswater.org/Colorado
DETAIL,DIVERSION,,CODWR,2014,23,South Platte - Upper South Platte,42,http://www.westernstateswater.org/Colorado
DETAIL,DIVERSION,,CODWR,2014,24,Rio Grande - Culebra Creek,42,http://www.westernstateswater.org/Colorado
DETAIL,DIVERSION,,CODWR,2014,25,Rio Grande - San Luis Creek,42,http://www.westernstateswater.org/Colorado
DETAIL,DIVERSION,,CODWR,2014,26,Rio Grande - Saguache Creek,42,http://www.westernstateswater.org/Colorado
DETAIL,DIVERSION,,CODWR,2014,27,Rio Grande - Canero Creek,42,http://www.westernstateswater.org/Colorado
DETAIL,DIVERSION,,CODWR,2014,28,Gunnison - Tomichi Creek,42,http://www.westernstateswater.org/Colorado
DETAIL,DIVERSION,,CODWR,2014,29,San Juan/Dolores - San Juan River,42,http://www.westernstateswater.org/Colorado
DETAIL,DIVERSION,,CODWR,2014,3,South Platte - Cache La Poudre River,42,http://www.westernstateswater.org/Colorado
DETAIL,DIVERSION,,CODWR,2014,30,San Juan/Dolores - Animas/Florida Rivers,42,http://www.westernstateswater.org/Colorado
DETAIL,DIVERSION,,CODWR,2014,31,San Juan/Dolores - Los Pinos/Pine Rivers,42,http://www.westernstateswater.org/Colorado
DETAIL,DIVERSION,,CODWR,2014,32,San Juan/Dolores - McElmo Creek,42,http://www.westernstateswater.org/Colorado
DETAIL,DIVERSION,,CODWR,2014,33,San Juan/Dolores - La Plata River,42,http://www.westernstateswater.org/Colorado
DETAIL,DIVERSION,,CODWR,2014,34,San Juan/Dolores - Mancos River,42,http://www.westernstateswater.org/Colorado
DETAIL,DIVERSION,,CODWR,2014,35,Rio Grande - Trinchera Creek,42,http://www.westernstateswater.org/Colorado
DETAIL,DIVERSION,,CODWR,2014,36,Colorado - Blue River,42,http://www.westernstateswater.org/Colorado
DETAIL,DIVERSION,,CODWR,2014,37,Colorado - Eagle River,42,http://www.westernstateswater.org/Colorado
DETAIL,DIVERSION,,CODWR,2014,38,Colorado - Roaring Fork River,42,http://www.westernstateswater.org/Colorado
DETAIL,DIVERSION,,CODWR,2014,39,Colorado - Rifle/Elk/Parachute Creek,42,http://www.westernstateswater.org/Colorado
DETAIL,DIVERSION,,CODWR,2014,4,South Platte - Big Thompson River,42,http://www.westernstateswater.org/Colorado
DETAIL,DIVERSION,,CODWR,2014,40,Gunnison - North Fork Tribs,42,http://www.westernstateswater.org/Colorado
DETAIL,DIVERSION,,CODWR,2014,41,Gunnison - Lower Uncompahgre River,42,http://www.westernstateswater.org/Colorado
DETAIL,DIVERSION,,CODWR,2014,42,Gunnison - Lower Gunnison River,42,http://www.westernstateswater.org/Colorado
DETAIL,DIVERSION,,CODWR,2014,43,Yampa - White River,42,http://www.westernstateswater.org/Colorado
DETAIL,DIVERSION,,CODWR,2014,44,Yampa - Lower Yampa River,42,http://www.westernstateswater.org/Colorado
DETAIL,DIVERSION,,CODWR,2014,45,Colorado - Divide Creek,42,http://www.westernstateswater.org/Colorado
DETAIL,DIVERSION,,CODWR,2014,46,San Juan/Dolores - Navajo Reservoir/Sambrito Creek,42,http://www.westernstateswater.org/Colorado
DETAIL,DIVERSION,,CODWR,2014,47,Yampa - North Platte River,42,http://www.westernstateswater.org/Colorado
DETAIL,DIVERSION,,CODWR,2014,48,South Platte - Laramie River,42,http://www.westernstateswater.org/Colorado
DETAIL,DIVERSION,,CODWR,2014,49,South Platte - Republican River,42,http://www.westernstateswater.org/Colorado
DETAIL,DIVERSION,,CODWR,2014,5,South Platte - St. Vrain Creek,42,http://www.westernstateswater.org/Colorado
DETAIL,DIVERSION,,CODWR,2014,50,Colorado - Muddy/Troublesome Creeks,42,http://www.westernstateswater.org/Colorado
DETAIL,DIVERSION,,CODWR,2014,51,Colorado - Upper Colorado/Fraser Rivers,42,http://www.westernstateswater.org/Colorado
DETAIL,DIVERSION,,CODWR,2014,52,Colorado - Piney/Cottonweed Creeks,42,http://www.westernstateswater.org/Colorado
DETAIL,DIVERSION,,CODWR,2014,53,Colorado - Tribs North of Colorado River,42,http://www.westernstateswater.org/Colorado
DETAIL,DIVERSION,,CODWR,2014,54,Yampa - Slater/Timberlake Creeks,42,http://www.westernstateswater.org/Colorado
DETAIL,DIVERSION,,CODWR,2014,55,Yampa - Little Snake River,42,http://www.westernstateswater.org/Colorado
DETAIL,DIVERSION,,CODWR,2014,56,Yampa - Green River,42,http://www.westernstateswater.org/Colorado
DETAIL,DIVERSION,,CODWR,2014,57,Yampa - Middle Yampa River,42,http://www.westernstateswater.org/Colorado
DETAIL,DIVERSION,,CODWR,2014,58,Yampa - Upper Yampa River,42,http://www.westernstateswater.org/Colorado
DETAIL,DIVERSION,,CODWR,2014,59,Gunnison - East River,42,http://www.westernstateswater.org/Colorado
DETAIL,DIVERSION,,CODWR,2014,6,South Platte - Boulder Creek,42,http://www.westernstateswater.org/Colorado
DETAIL,DIVERSION,,CODWR,2014,60,Gunnison - San Miguel River,42,http://www.westernstateswater.org/Colorado
DETAIL,DIVERSION,,CODWR,2014,61,Gunnison - Paradox Creek,42,http://www.westernstateswater.org/Colorado
DETAIL,DIVERSION,,CODWR,2014,62,Gunnison - Upper Gunnison River,42,http://www.westernstateswater.org/Colorado
DETAIL,DIVERSION,,CODWR,2014,63,Gunnison - Dolores River,42,http://www.westernstateswater.org/Colorado
DETAIL,DIVERSION,,CODWR,2014,64,South Platte - South Platte - Balzac to Stateline,42,http://www.westernstateswater.org/Colorado
DETAIL,DIVERSION,,CODWR,2014,65,South Platte - Arikaree River,42,http://www.westernstateswater.org/Colorado
DETAIL,DIVERSION,,CODWR,2014,67,Arkansas - Arkansas - Las Animas to Stateline,42,http://www.westernstateswater.org/Colorado
DETAIL,DIVERSION,,CODWR,2014,68,Gunnison - Upper Uncompahgre River,42,http://www.westernstateswater.org/Colorado
DETAIL,DIVERSION,,CODWR,2014,69,San Juan/Dolores - Disappointment Creek,42,http://www.westernstateswater.org/Colorado
DETAIL,DIVERSION,,CODWR,2014,7,South Platte - Clear Creek,42,http://www.westernstateswater.org/Colorado
DETAIL,DIVERSION,,CODWR,2014,70,Colorado - Roan Creek,42,http://www.westernstateswater.org/Colorado
DETAIL,DIVERSION,,CODWR,2014,71,San Juan/Dolores - Dolores River,42,http://www.westernstateswater.org/Colorado
DETAIL,DIVERSION,,CODWR,2014,72,Colorado - Lower Colorado River,42,http://www.westernstateswater.org/Colorado
DETAIL,DIVERSION,,CODWR,2014,73,Gunnison - Little Dolores River,42,http://www.westernstateswater.org/Colorado
DETAIL,DIVERSION,,CODWR,2014,76,South Platte - Sand Creek,42,http://www.westernstateswater.org/Colorado
DETAIL,DIVERSION,,CODWR,2014,77,San Juan/Dolores - Navajo River,42,http://www.westernstateswater.org/Colorado
DETAIL,DIVERSION,,CODWR,2014,78,San Juan/Dolores - Piedra River,42,http://www.westernstateswater.org/Colorado
DETAIL,DIVERSION,,CODWR,2014,79,Arkansas - Huerfano River,42,http://www.westernstateswater.org/Colorado
DETAIL,DIVERSION,,CODWR,2014,8,South Platte - South Platte - Cheesman to Denver Gage,42,http://www.westernstateswater.org/Colorado
DETAIL,DIVERSION,,CODWR,2014,80,South Platte - North Fork of South Platte,42,http://www.westernstateswater.org/Colorado
DETAIL,DIVERSION,,CODWR,2014,9,South Platte - Bear Creek,42,http://www.westernstateswater.org/Colorado
DETAIL,DIVERSION,,CODWR,2015,1,,42,http://www.westernstateswater.org/Colorado
DETAIL,DIVERSION,,CODWR,2015,10,,42,http://www.westernstateswater.org/Colorado
DETAIL,DIVERSION,,CODWR,2015,11,,42,http://www.westernstateswater.org/Colorado
DETAIL,DIVERSION,,CODWR,2015,12,,42,http://www.westernstateswater.org/Colorado
DETAIL,DIVERSION,,CODWR,2015,13,,42,http://www.westernstateswater.org/Colorado
DETAIL,DIVERSION,,CODWR,2015,14,,42,http://www.westernstateswater.org/Colorado
DETAIL,DIVERSION,,CODWR,2015,15,,42,http://www.westernstateswater.org/Colorado
DETAIL,DIVERSION,,CODWR,2015,16,,42,http://www.westernstateswater.org/Colorado
DETAIL,DIVERSION,,CODWR,2015,17,,42,http://www.westernstateswater.org/Colorado
DETAIL,DIVERSION,,CODWR,2015,18,,42,http://www.westernstateswater.org/Colorado
DETAIL,DIVERSION,,CODWR,2015,19,,42,http://www.westernstateswater.org/Colorado
DETAIL,DIVERSION,,CODWR,2015,2,,42,http://www.westernstateswater.org/Colorado
DETAIL,DIVERSION,,CODWR,2015,20,,42,http://www.westernstateswater.org/Colorado
DETAIL,DIVERSION,,CODWR,2015,21,,42,http://www.westernstateswater.org/Colorado
DETAIL,DIVERSION,,CODWR,2015,22,,42,http://www.westernstateswater.org/Colorado
DETAIL,DIVERSION,,CODWR,2015,23,,42,http://www.westernstateswater.org/Colorado
DETAIL,DIVERSION,,CODWR,2015,24,,42,http://www.westernstateswater.org/Colorado
DETAIL,DIVERSION,,CODWR,2015,25,,42,http://www.westernstateswater.org/Colorado
DETAIL,DIVERSION,,CODWR,2015,26,,42,http://www.westernstateswater.org/Colorado
DETAIL,DIVERSION,,CODWR,2015,27,,42,http://www.westernstateswater.org/Colorado
DETAIL,DIVERSION,,CODWR,2015,28,,42,http://www.westernstateswater.org/Colorado
DETAIL,DIVERSION,,CODWR,2015,29,,42,http://www.westernstateswater.org/Colorado
DETAIL,DIVERSION,,CODWR,2015,3,,42,http://www.westernstateswater.org/Colorado
DETAIL,DIVERSION,,CODWR,2015,30,,42,http://www.westernstateswater.org/Colorado
DETAIL,DIVERSION,,CODWR,2015,31,,42,http://www.westernstateswater.org/Colorado
DETAIL,DIVERSION,,CODWR,2015,32,,42,http://www.westernstateswater.org/Colorado
DETAIL,DIVERSION,,CODWR,2015,33,,42,http://www.westernstateswater.org/Colorado
DETAIL,DIVERSION,,CODWR,2015,34,,42,http://www.westernstateswater.org/Colorado
DETAIL,DIVERSION,,CODWR,2015,35,,42,http://www.westernstateswater.org/Colorado
DETAIL,DIVERSION,,CODWR,2015,36,,42,http://www.westernstateswater.org/Colorado
DETAIL,DIVERSION,,CODWR,2015,37,,42,http://www.westernstateswater.org/Colorado
DETAIL,DIVERSION,,CODWR,2015,38,,42,http://www.westernstateswater.org/Colorado
DETAIL,DIVERSION,,CODWR,2015,39,,42,http://www.westernstateswater.org/Colorado
DETAIL,DIVERSION,,CODWR,2015,4,,42,http://www.westernstateswater.org/Colorado
DETAIL,DIVERSION,,CODWR,2015,40,,42,http://www.westernstateswater.org/Colorado
DETAIL,DIVERSION,,CODWR,2015,41,,42,http://www.westernstateswater.org/Colorado
DETAIL,DIVERSION,,CODWR,2015,42,,42,http://www.westernstateswater.org/Colorado
DETAIL,DIVERSION,,CODWR,2015,43,,42,http://www.westernstateswater.org/Colorado
DETAIL,DIVERSION,,CODWR,2015,44,,42,http://www.westernstateswater.org/Colorado
DETAIL,DIVERSION,,CODWR,2015,45,,42,http://www.westernstateswater.org/Colorado
DETAIL,DIVERSION,,CODWR,2015,46,,42,http://www.westernstateswater.org/Colorado
DETAIL,DIVERSION,,CODWR,2015,47,,42,http://www.westernstateswater.org/Colorado
DETAIL,DIVERSION,,CODWR,2015,48,,42,http://www.westernstateswater.org/Colorado
DETAIL,DIVERSION,,CODWR,2015,49,,42,http://www.westernstateswater.org/Colorado
DETAIL,DIVERSION,,CODWR,2015,5,,42,http://www.westernstateswater.org/Colorado
DETAIL,DIVERSION,,CODWR,2015,50,,42,http://www.westernstateswater.org/Colorado
DETAIL,DIVERSION,,CODWR,2015,51,,42,http://www.westernstateswater.org/Colorado
DETAIL,DIVERSION,,CODWR,2015,52,,42,http://www.westernstateswater.org/Colorado
DETAIL,DIVERSION,,CODWR,2015,53,,42,http://www.westernstateswater.org/Colorado
DETAIL,DIVERSION,,CODWR,2015,54,,42,http://www.westernstateswater.org/Colorado
DETAIL,DIVERSION,,CODWR,2015,55,,42,http://www.westernstateswater.org/Colorado
DETAIL,DIVERSION,,CODWR,2015,56,,42,http://www.westernstateswater.org/Colorado
DETAIL,DIVERSION,,CODWR,2015,57,,42,http://www.westernstateswater.org/Colorado
DETAIL,DIVERSION,,CODWR,2015,58,,42,http://www.westernstateswater.org/Colorado
DETAIL,DIVERSION,,CODWR,2015,59,,42,http://www.westernstateswater.org/Colorado
DETAIL,DIVERSION,,CODWR,2015,6,,42,http://www.westernstateswater.org/Colorado
DETAIL,DIVERSION,,CODWR,2015,60,,42,http://www.westernstateswater.org/Colorado
DETAIL,DIVERSION,,CODWR,2015,61,,42,http://www.westernstateswater.org/Colorado
DETAIL,DIVERSION,,CODWR,2015,62,,42,http://www.westernstateswater.org/Colorado
DETAIL,DIVERSION,,CODWR,2015,63,,42,http://www.westernstateswater.org/Colorado
DETAIL,DIVERSION,,CODWR,2015,64,,42,http://www.westernstateswater.org/Colorado
DETAIL,DIVERSION,,CODWR,2015,65,,42,http://www.westernstateswater.org/Colorado
DETAIL,DIVERSION,,CODWR,2015,67,,42,http://www.westernstateswater.org/Colorado
DETAIL,DIVERSION,,CODWR,2015,68,,42,http://www.westernstateswater.org/Colorado
DETAIL,DIVERSION,,CODWR,2015,69,,42,http://www.westernstateswater.org/Colorado
DETAIL,DIVERSION,,CODWR,2015,7,,42,http://www.westernstateswater.org/Colorado
DETAIL,DIVERSION,,CODWR,2015,70,,42,http://www.westernstateswater.org/Colorado
DETAIL,DIVERSION,,CODWR,2015,71,,42,http://www.westernstateswater.org/Colorado
DETAIL,DIVERSION,,CODWR,2015,72,,42,http://www.westernstateswater.org/Colorado
DETAIL,DIVERSION,,CODWR,2015,73,,42,http://www.westernstateswater.org/Colorado
DETAIL,DIVERSION,,CODWR,2015,76,,42,http://www.westernstateswater.org/Colorado
DETAIL,DIVERSION,,CODWR,2015,77,,42,http://www.westernstateswater.org/Colorado
DETAIL,DIVERSION,,CODWR,2015,78,,42,http://www.westernstateswater.org/Colorado
DETAIL,DIVERSION,,CODWR,2015,79,,42,http://www.westernstateswater.org/Colorado
DETAIL,DIVERSION,,CODWR,2015,8,,42,http://www.westernstateswater.org/Colorado
DETAIL,DIVERSION,,CODWR,2015,80,,42,http://www.westernstateswater.org/Colorado
DETAIL,DIVERSION,,CODWR,2015,9,,42,http://www.westernstateswater.org/Colorado
DETAIL,ALLOCATION,,CODWR,2016,1,,42,http://www.westernstateswater.org/Colorado
DETAIL,ALLOCATION,,CODWR,2016,10,,42,http://www.westernstateswater.org/Colorado
DETAIL,ALLOCATION,,CODWR,2016,11,,42,http://www.westernstateswater.org/Colorado
DETAIL,ALLOCATION,,CODWR,2016,12,,42,http://www.westernstateswater.org/Colorado
DETAIL,ALLOCATION,,CODWR,2016,13,,42,http://www.westernstateswater.org/Colorado
DETAIL,ALLOCATION,,CODWR,2016,14,,42,http://www.westernstateswater.org/Colorado
DETAIL,ALLOCATION,,CODWR,2016,15,,42,http://www.westernstateswater.org/Colorado
DETAIL,ALLOCATION,,CODWR,2016,16,,42,http://www.westernstateswater.org/Colorado
DETAIL,ALLOCATION,,CODWR,2016,17,,42,http://www.westernstateswater.org/Colorado
DETAIL,ALLOCATION,,CODWR,2016,18,,42,http://www.westernstateswater.org/Colorado
DETAIL,ALLOCATION,,CODWR,2016,19,,42,http://www.westernstateswater.org/Colorado
DETAIL,ALLOCATION,,CODWR,2016,2,,42,http://www.westernstateswater.org/Colorado
DETAIL,ALLOCATION,,CODWR,2016,20,,42,http://www.westernstateswater.org/Colorado
DETAIL,ALLOCATION,,CODWR,2016,21,,42,http://www.westernstateswater.org/Colorado
DETAIL,ALLOCATION,,CODWR,2016,22,,42,http://www.westernstateswater.org/Colorado
DETAIL,ALLOCATION,,CODWR,2016,23,,42,http://www.westernstateswater.org/Colorado
DETAIL,ALLOCATION,,CODWR,2016,24,,42,http://www.westernstateswater.org/Colorado
DETAIL,ALLOCATION,,CODWR,2016,25,,42,http://www.westernstateswater.org/Colorado
DETAIL,ALLOCATION,,CODWR,2016,26,,42,http://www.westernstateswater.org/Colorado
DETAIL,ALLOCATION,,CODWR,2016,27,,42,http://www.westernstateswater.org/Colorado
DETAIL,ALLOCATION,,CODWR,2016,28,,42,http://www.westernstateswater.org/Colorado
DETAIL,ALLOCATION,,CODWR,2016,29,,42,http://www.westernstateswater.org/Colorado
DETAIL,ALLOCATION,,CODWR,2016,3,,42,http://www.westernstateswater.org/Colorado
DETAIL,ALLOCATION,,CODWR,2016,30,,42,http://www.westernstateswater.org/Colorado
DETAIL,ALLOCATION,,CODWR,2016,31,,42,http://www.westernstateswater.org/Colorado
DETAIL,ALLOCATION,,CODWR,2016,32,,42,http://www.westernstateswater.org/Colorado
DETAIL,ALLOCATION,,CODWR,2016,33,,42,http://www.westernstateswater.org/Colorado
DETAIL,ALLOCATION,,CODWR,2016,34,,42,http://www.westernstateswater.org/Colorado
DETAIL,ALLOCATION,,CODWR,2016,35,,42,http://www.westernstateswater.org/Colorado
DETAIL,ALLOCATION,,CODWR,2016,36,,42,http://www.westernstateswater.org/Colorado
DETAIL,ALLOCATION,,CODWR,2016,37,,42,http://www.westernstateswater.org/Colorado
DETAIL,ALLOCATION,,CODWR,2016,38,,42,http://www.westernstateswater.org/Colorado
DETAIL,ALLOCATION,,CODWR,2016,39,,42,http://www.westernstateswater.org/Colorado
DETAIL,ALLOCATION,,CODWR,2016,4,,42,http://www.westernstateswater.org/Colorado
DETAIL,ALLOCATION,,CODWR,2016,40,,42,http://www.westernstateswater.org/Colorado
DETAIL,ALLOCATION,,CODWR,2016,41,,42,http://www.westernstateswater.org/Colorado
DETAIL,ALLOCATION,,CODWR,2016,42,,42,http://www.westernstateswater.org/Colorado
DETAIL,ALLOCATION,,CODWR,2016,43,,42,http://www.westernstateswater.org/Colorado
DETAIL,ALLOCATION,,CODWR,2016,44,,42,http://www.westernstateswater.org/Colorado
DETAIL,ALLOCATION,,CODWR,2016,45,,42,http://www.westernstateswater.org/Colorado
DETAIL,ALLOCATION,,CODWR,2016,46,,42,http://www.westernstateswater.org/Colorado
DETAIL,ALLOCATION,,CODWR,2016,47,,42,http://www.westernstateswater.org/Colorado
DETAIL,ALLOCATION,,CODWR,2016,48,,42,http://www.westernstateswater.org/Colorado
DETAIL,ALLOCATION,,CODWR,2016,49,,42,http://www.westernstateswater.org/Colorado
DETAIL,ALLOCATION,,CODWR,2016,5,,42,http://www.westernstateswater.org/Colorado
DETAIL,ALLOCATION,,CODWR,2016,50,,42,http://www.westernstateswater.org/Colorado
DETAIL,ALLOCATION,,CODWR,2016,51,,42,http://www.westernstateswater.org/Colorado
DETAIL,ALLOCATION,,CODWR,2016,52,,42,http://www.westernstateswater.org/Colorado
DETAIL,ALLOCATION,,CODWR,2016,53,,42,http://www.westernstateswater.org/Colorado
DETAIL,ALLOCATION,,CODWR,2016,54,,42,http://www.westernstateswater.org/Colorado
DETAIL,ALLOCATION,,CODWR,2016,55,,42,http://www.westernstateswater.org/Colorado
DETAIL,ALLOCATION,,CODWR,2016,56,,42,http://www.westernstateswater.org/Colorado
DETAIL,ALLOCATION,,CODWR,2016,57,,42,http://www.westernstateswater.org/Colorado
DETAIL,ALLOCATION,,CODWR,2016,58,,42,http://www.westernstateswater.org/Colorado
DETAIL,ALLOCATION,,CODWR,2016,59,,42,http://www.westernstateswater.org/Colorado
DETAIL,ALLOCATION,,CODWR,2016,6,,42,http://www.westernstateswater.org/Colorado
DETAIL,ALLOCATION,,CODWR,2016,60,,42,http://www.westernstateswater.org/Colorado
DETAIL,ALLOCATION,,CODWR,2016,61,,42,http://www.westernstateswater.org/Colorado
DETAIL,ALLOCATION,,CODWR,2016,62,,42,http://www.westernstateswater.org/Colorado
DETAIL,ALLOCATION,,CODWR,2016,63,,42,http://www.westernstateswater.org/Colorado
DETAIL,ALLOCATION,,CODWR,2016,64,,42,http://www.westernstateswater.org/Colorado
DETAIL,ALLOCATION,,CODWR,2016,65,,42,http://www.westernstateswater.org/Colorado
DETAIL,ALLOCATION,,CODWR,2016,66,,42,http://www.westernstateswater.org/Colorado
DETAIL,ALLOCATION,,CODWR,2016,67,,42,http://www.westernstateswater.org/Colorado
DETAIL,ALLOCATION,,CODWR,2016,68,,42,http://www.westernstateswater.org/Colorado
DETAIL,ALLOCATION,,CODWR,2016,69,,42,http://www.westernstateswater.org/Colorado
DETAIL,ALLOCATION,,CODWR,2016,7,,42,http://www.westernstateswater.org/Colorado
DETAIL,ALLOCATION,,CODWR,2016,70,,42,http://www.westernstateswater.org/Colorado
DETAIL,ALLOCATION,,CODWR,2016,71,,42,http://www.westernstateswater.org/Colorado
DETAIL,ALLOCATION,,CODWR,2016,72,,42,http://www.westernstateswater.org/Colorado
DETAIL,ALLOCATION,,CODWR,2016,73,,42,http://www.westernstateswater.org/Colorado
DETAIL,ALLOCATION,,CODWR,2016,76,,42,http://www.westernstateswater.org/Colorado
DETAIL,ALLOCATION,,CODWR,2016,77,,42,http://www.westernstateswater.org/Colorado
DETAIL,ALLOCATION,,CODWR,2016,78,,42,http://www.westernstateswater.org/Colorado
DETAIL,ALLOCATION,,CODWR,2016,79,,42,http://www.westernstateswater.org/Colorado
DETAIL,ALLOCATION,,CODWR,2016,8,,42,http://www.westernstateswater.org/Colorado
DETAIL,ALLOCATION,,CODWR,2016,80,,42,http://www.westernstateswater.org/Colorado
DETAIL,ALLOCATION,,CODWR,2016,9,,42,http://www.westernstateswater.org/Colorado
DETAIL,DIVERSION,,CODWR,2016,10,,42,http://www.westernstateswater.org/Colorado
DETAIL,DIVERSION,,CODWR,2016,13,,42,http://www.westernstateswater.org/Colorado
DETAIL,DIVERSION,,CODWR,2016,25,,42,http://www.westernstateswater.org/Colorado
DETAIL,DIVERSION,,CODWR,2016,26,,42,http://www.westernstateswater.org/Colorado
DETAIL,DIVERSION,,CODWR,2016,27,,42,http://www.westernstateswater.org/Colorado
DETAIL,DIVERSION,,CODWR,2016,28,,42,http://www.westernstateswater.org/Colorado
DETAIL,DIVERSION,,CODWR,2016,29,,42,http://www.westernstateswater.org/Colorado
DETAIL,DIVERSION,,CODWR,2016,30,,42,http://www.westernstateswater.org/Colorado
DETAIL,DIVERSION,,CODWR,2016,31,,42,http://www.westernstateswater.org/Colorado
DETAIL,DIVERSION,,CODWR,2016,32,,42,http://www.westernstateswater.org/Colorado
DETAIL,DIVERSION,,CODWR,2016,33,,42,http://www.westernstateswater.org/Colorado
DETAIL,DIVERSION,,CODWR,2016,34,,42,http://www.westernstateswater.org/Colorado
DETAIL,DIVERSION,,CODWR,2016,40,,42,http://www.westernstateswater.org/Colorado
DETAIL,DIVERSION,,CODWR,2016,41,,42,http://www.westernstateswater.org/Colorado
DETAIL,DIVERSION,,CODWR,2016,42,,42,http://www.westernstateswater.org/Colorado
DETAIL,DIVERSION,,CODWR,2016,44,,42,http://www.westernstateswater.org/Colorado
DETAIL,DIVERSION,,CODWR,2016,45,,42,http://www.westernstateswater.org/Colorado
DETAIL,DIVERSION,,CODWR,2016,46,,42,http://www.westernstateswater.org/Colorado
DETAIL,DIVERSION,,CODWR,2016,54,,42,http://www.westernstateswater.org/Colorado
DETAIL,DIVERSION,,CODWR,2016,55,,42,http://www.westernstateswater.org/Colorado
DETAIL,DIVERSION,,CODWR,2016,57,,42,http://www.westernstateswater.org/Colorado
DETAIL,DIVERSION,,CODWR,2016,59,,42,http://www.westernstateswater.org/Colorado
DETAIL,DIVERSION,,CODWR,2016,61,,42,http://www.westernstateswater.org/Colorado
DETAIL,DIVERSION,,CODWR,2016,63,,42,http://www.westernstateswater.org/Colorado
DETAIL,DIVERSION,,CODWR,2016,68,,42,http://www.westernstateswater.org/Colorado
DETAIL,DIVERSION,,CODWR,2016,69,,42,http://www.westernstateswater.org/Colorado
DETAIL,DIVERSION,,CODWR,2016,71,,42,http://www.westernstateswater.org/Colorado
DETAIL,DIVERSION,,CODWR,2016,73,,42,http://www.westernstateswater.org/Colorado
DETAIL,DIVERSION,,CODWR,2016,77,,42,http://www.westernstateswater.org/Colorado
DETAIL,DIVERSION,,CODWR,2016,78,,42,http://www.westernstateswater.org/Colorado
